uri,id_template,meta_title,meta_description,meta_keywords,content
,1,,,,???
index.html,1,,,,???
shop_menu/set/index.html,2,,,,????????
shop_menu/set/cat/100.html,21,,,,?????
shop_menu/set/cat/101.html,21,,,,?????
shop_menu/set/cat/102.html,21,,,,?????
shop_menu/set/cat/103.html,21,,,,?????
shop_menu/set/cat/104.html,21,,,,?????
shop_menu/set/cat/105.html,21,,,,?????
shop_menu/set/cat/106.html,21,,,,?????
shop_menu/set/cat/107.html,21,,,,?????
shop_menu/set/cat/108.html,21,,,,?????
shop_menu/set/cat/109.html,21,,,,?????
shop_menu/set/cat/110.html,21,,,,?????
shop_menu/set/cat/111.html,21,,,,?????
shop_menu/set/cat/112.html,21,,,,?????
shop_menu/set/cat/113.html,21,,,,?????
shop_menu/set/cat/115.html,21,,,,?????
shop_menu/set/cat/116.html,22,,,,??????
shop_menu/set/cat/117.html,22,,,,??????
shop_menu/set/cat/118.html,22,,,,??????
shop_menu/set/cat/119.html,22,,,,??????
shop_menu/set/cat/120.html,22,,,,??????
shop_menu/set/cat/121.html,22,,,,??????
shop_menu/set/cat/122.html,22,,,,??????
shop_menu/set/cat/123.html,22,,,,??????
shop_menu/set/cat/124.html,22,,,,??????
shop_menu/set/cat/125.html,22,,,,??????
shop_menu/set/cat/126.html,22,,,,??????
shop_menu/set/cat/127.html,22,,,,??????
shop_menu/set/cat/130.html,22,,,,??????
shop_menu/set/cat/131.html,22,,,,??????
shop_menu/set/cat/132.html,22,,,,??????
shop_menu/set/cat/133.html,22,,,,??????
shop_menu/set/cat/134.html,22,,,,??????
shop_menu/set/cat/135.html,22,,,,??????
shop_menu/set/cat/136.html,22,,,,??????
shop_menu/set/cat/137.html,22,,,,??????
shop_menu/set/cat/138.html,22,,,,??????
shop_menu/set/cat/140.html,22,,,,??????
shop_menu/set/cat/141.html,22,,,,??????
shop_menu/set/cat/142.html,22,,,,??????
shop_menu/set/cat/143.html,22,,,,??????
shop_menu/set/cat/147.html,22,,,,??????
shop_menu/set/cat/149.html,22,,,,??????
shop_menu/set/cat/150.html,22,,,,??????
shop_menu/set/cat/151.html,22,,,,??????
shop_menu/set/cat/153.html,22,,,,??????
shop_menu/set/cat/155.html,22,,,,??????
shop_menu/set/cat/157.html,22,,,,??????
shop_menu/set/cat/158.html,22,,,,??????
shop_menu/set/cat/160.html,22,,,,??????
shop_menu/set/cat/162.html,22,,,,??????
shop_menu/set/cat/169.html,22,,,,??????
shop_menu/set/cat/171.html,22,,,,??????
shop_menu/set/cat/172.html,22,,,,??????
shop_menu/set/cat/173.html,22,,,,??????
shop_menu/set/cat/174.html,22,,,,??????
shop_menu/set/cat/175.html,22,,,,??????
shop_menu/set/cat/177.html,22,,,,??????
shop_menu/set/cat/179.html,22,,,,??????
shop_menu/set/br/1001-116.html,23,,,,???????
shop_menu/set/br/1001-117.html,23,,,,???????
shop_menu/set/br/1005-130.html,23,,,,???????
shop_menu/set/br/1008-116.html,23,,,,???????
shop_menu/set/br/1008-143.html,23,,,,???????
shop_menu/set/br/1010-116.html,23,,,,???????
shop_menu/set/br/1012-116.html,23,,,,???????
shop_menu/set/br/1017-130.html,23,,,,???????
shop_menu/set/br/1017-133.html,23,,,,???????
shop_menu/set/br/1019-120.html,23,,,,???????
shop_menu/set/br/1019-134.html,23,,,,???????
shop_menu/set/br/1025-124.html,23,,,,???????
shop_menu/set/br/1028-124.html,23,,,,???????
shop_menu/set/br/1030-117.html,23,,,,???????
shop_menu/set/br/1031-116.html,23,,,,???????
shop_menu/set/br/1032-116.html,23,,,,???????
shop_menu/set/br/1032-119.html,23,,,,???????
shop_menu/set/br/1032-124.html,23,,,,???????
shop_menu/set/br/1032-127.html,23,,,,???????
shop_menu/set/br/1032-138.html,23,,,,???????
shop_menu/set/br/1032-143.html,23,,,,???????
shop_menu/set/br/1032-149.html,23,,,,???????
shop_menu/set/br/1032-151.html,23,,,,???????
shop_menu/set/br/1032-153.html,23,,,,???????
shop_menu/set/br/1032-160.html,23,,,,???????
shop_menu/set/br/1032-169.html,23,,,,???????
shop_menu/set/br/1034-160.html,23,,,,???????
shop_menu/set/br/1038-116.html,23,,,,???????
shop_menu/set/br/1038-130.html,23,,,,???????
shop_menu/set/br/1038-131.html,23,,,,???????
shop_menu/set/br/1038-133.html,23,,,,???????
shop_menu/set/br/1038-173.html,23,,,,???????
shop_menu/set/br/1039-124.html,23,,,,???????
shop_menu/set/br/1040-122.html,23,,,,???????
shop_menu/set/br/1042-116.html,23,,,,???????
shop_menu/set/br/1042-117.html,23,,,,???????
shop_menu/set/br/1042-118.html,23,,,,???????
shop_menu/set/br/1042-120.html,23,,,,???????
shop_menu/set/br/1042-121.html,23,,,,???????
shop_menu/set/br/1042-131.html,23,,,,???????
shop_menu/set/br/1042-132.html,23,,,,???????
shop_menu/set/br/1042-137.html,23,,,,???????
shop_menu/set/br/1042-138.html,23,,,,???????
shop_menu/set/br/1042-141.html,23,,,,???????
shop_menu/set/br/1042-142.html,23,,,,???????
shop_menu/set/br/1042-143.html,23,,,,???????
shop_menu/set/br/1042-153.html,23,,,,???????
shop_menu/set/br/1045-116.html,23,,,,???????
shop_menu/set/br/1046-116.html,23,,,,???????
shop_menu/set/br/1046-118.html,23,,,,???????
shop_menu/set/br/1050-122.html,23,,,,???????
shop_menu/set/br/1054-118.html,23,,,,???????
shop_menu/set/br/1054-119.html,23,,,,???????
shop_menu/set/br/1059-116.html,23,,,,???????
shop_menu/set/br/1059-118.html,23,,,,???????
shop_menu/set/br/1059-120.html,23,,,,???????
shop_menu/set/br/1059-122.html,23,,,,???????
shop_menu/set/br/1059-123.html,23,,,,???????
shop_menu/set/br/1059-124.html,23,,,,???????
shop_menu/set/br/1059-135.html,23,,,,???????
shop_menu/set/br/1059-136.html,23,,,,???????
shop_menu/set/br/1059-137.html,23,,,,???????
shop_menu/set/br/1059-172.html,23,,,,???????
shop_menu/set/br/1067-116.html,23,,,,???????
shop_menu/set/br/1070-140.html,23,,,,???????
shop_menu/set/br/1077-116.html,23,,,,???????
shop_menu/set/br/1077-140.html,23,,,,???????
shop_menu/set/br/1078-116.html,23,,,,???????
shop_menu/set/br/1078-117.html,23,,,,???????
shop_menu/set/br/1082-116.html,23,,,,???????
shop_menu/set/br/1082-120.html,23,,,,???????
shop_menu/set/br/1086-119.html,23,,,,???????
shop_menu/set/br/1088-116.html,23,,,,???????
shop_menu/set/br/1090-116.html,23,,,,???????
shop_menu/set/br/1090-120.html,23,,,,???????
shop_menu/set/br/1092-121.html,23,,,,???????
shop_menu/set/br/1093-133.html,23,,,,???????
shop_menu/set/br/1093-173.html,23,,,,???????
shop_menu/set/br/1095-116.html,23,,,,???????
shop_menu/set/br/1095-117.html,23,,,,???????
shop_menu/set/br/1097-137.html,23,,,,???????
shop_menu/set/br/1100-116.html,23,,,,???????
shop_menu/set/br/1103-130.html,23,,,,???????
shop_menu/set/br/1103-131.html,23,,,,???????
shop_menu/set/br/1104-116.html,23,,,,???????
shop_menu/set/br/1104-117.html,23,,,,???????
shop_menu/set/br/1104-118.html,23,,,,???????
shop_menu/set/br/1104-119.html,23,,,,???????
shop_menu/set/br/1109-122.html,23,,,,???????
shop_menu/set/br/1109-123.html,23,,,,???????
shop_menu/set/br/1109-138.html,23,,,,???????
shop_menu/set/br/1109-141.html,23,,,,???????
shop_menu/set/br/1109-149.html,23,,,,???????
shop_menu/set/br/1109-157.html,23,,,,???????
shop_menu/set/br/1110-134.html,23,,,,???????
shop_menu/set/br/1110-171.html,23,,,,???????
shop_menu/set/br/1111-124.html,23,,,,???????
shop_menu/set/br/1116-125.html,23,,,,???????
shop_menu/set/br/1116-127.html,23,,,,???????
shop_menu/set/br/1116-133.html,23,,,,???????
shop_menu/set/br/1116-160.html,23,,,,???????
shop_menu/set/br/1116-169.html,23,,,,???????
shop_menu/set/br/1116-172.html,23,,,,???????
shop_menu/set/br/1116-173.html,23,,,,???????
shop_menu/set/br/1122-117.html,23,,,,???????
shop_menu/set/br/1122-119.html,23,,,,???????
shop_menu/set/br/1122-122.html,23,,,,???????
shop_menu/set/br/1122-124.html,23,,,,???????
shop_menu/set/br/1122-134.html,23,,,,???????
shop_menu/set/br/1122-155.html,23,,,,???????
shop_menu/set/br/1135-133.html,23,,,,???????
shop_menu/set/br/1135-173.html,23,,,,???????
shop_menu/set/br/1135-174.html,23,,,,???????
shop_menu/set/br/1136-116.html,23,,,,???????
shop_menu/set/br/1136-118.html,23,,,,???????
shop_menu/set/br/1136-119.html,23,,,,???????
shop_menu/set/br/1138-116.html,23,,,,???????
shop_menu/set/br/1138-117.html,23,,,,???????
shop_menu/set/br/1142-138.html,23,,,,???????
shop_menu/set/br/1144-116.html,23,,,,???????
shop_menu/set/br/1144-138.html,23,,,,???????
shop_menu/set/br/1144-150.html,23,,,,???????
shop_menu/set/br/1144-151.html,23,,,,???????
shop_menu/set/br/1144-169.html,23,,,,???????
shop_menu/set/br/1146-130.html,23,,,,???????
shop_menu/set/br/1146-131.html,23,,,,???????
shop_menu/set/br/1147-130.html,23,,,,???????
shop_menu/set/br/1152-119.html,23,,,,???????
shop_menu/set/br/1156-116.html,23,,,,???????
shop_menu/set/br/1156-120.html,23,,,,???????
shop_menu/set/br/1156-121.html,23,,,,???????
shop_menu/set/br/1156-134.html,23,,,,???????
shop_menu/set/br/1157-125.html,23,,,,???????
shop_menu/set/br/1159-116.html,23,,,,???????
shop_menu/set/br/1159-117.html,23,,,,???????
shop_menu/set/br/1161-122.html,23,,,,???????
shop_menu/set/br/1161-123.html,23,,,,???????
shop_menu/set/br/1161-133.html,23,,,,???????
shop_menu/set/br/1161-162.html,23,,,,???????
shop_menu/set/br/1161-172.html,23,,,,???????
shop_menu/set/br/1161-173.html,23,,,,???????
shop_menu/set/br/1161-174.html,23,,,,???????
shop_menu/set/br/1161-175.html,23,,,,???????
shop_menu/set/br/1161-179.html,23,,,,???????
shop_menu/set/br/1162-115.html,23,,,,???????
shop_menu/set/br/1162-116.html,23,,,,???????
shop_menu/set/br/1162-120.html,23,,,,???????
shop_menu/set/br/1162-121.html,23,,,,???????
shop_menu/set/br/1162-122.html,23,,,,???????
shop_menu/set/br/1162-124.html,23,,,,???????
shop_menu/set/br/1162-125.html,23,,,,???????
shop_menu/set/br/1162-126.html,23,,,,???????
shop_menu/set/br/1162-133.html,23,,,,???????
shop_menu/set/br/1162-134.html,23,,,,???????
shop_menu/set/br/1162-135.html,23,,,,???????
shop_menu/set/br/1162-136.html,23,,,,???????
shop_menu/set/br/1162-137.html,23,,,,???????
shop_menu/set/br/1162-153.html,23,,,,???????
shop_menu/set/br/1162-158.html,23,,,,???????
shop_menu/set/br/1162-162.html,23,,,,???????
shop_menu/set/br/1162-171.html,23,,,,???????
shop_menu/set/br/1162-172.html,23,,,,???????
shop_menu/set/br/1162-173.html,23,,,,???????
shop_menu/set/br/1162-175.html,23,,,,???????
shop_menu/set/br/1162-177.html,23,,,,???????
shop_menu/set/br/1162-179.html,23,,,,???????
shop_menu/set/br/1163-116.html,23,,,,???????
shop_menu/set/br/1164-118.html,23,,,,???????
shop_menu/set/br/1164-119.html,23,,,,???????
shop_menu/set/br/1166-135.html,23,,,,???????
shop_menu/set/br/1167-137.html,23,,,,???????
shop_menu/set/br/1168-124.html,23,,,,???????
shop_menu/set/br/1168-132.html,23,,,,???????
shop_menu/set/br/1169-125.html,23,,,,???????
shop_menu/set/br/1170-122.html,23,,,,???????
shop_menu/set/br/1170-123.html,23,,,,???????
shop_menu/set/br/1170-172.html,23,,,,???????
shop_menu/set/br/1171-122.html,23,,,,???????
shop_menu/set/br/1171-123.html,23,,,,???????
shop_menu/set/br/1171-172.html,23,,,,???????
shop_menu/set/br/1172-122.html,23,,,,???????
shop_menu/set/br/1172-123.html,23,,,,???????
shop_menu/set/br/1173-123.html,23,,,,???????
shop_menu/set/br/1174-147.html,23,,,,???????
shop_menu/set/br/1175-143.html,23,,,,???????
shop_menu/set/br/1176-171.html,23,,,,???????
shop_menu/set/br/1177-172.html,23,,,,???????
shop_menu/set/br/1178-172.html,23,,,,???????
shop_menu/set/br/1179-174.html,23,,,,???????
shop_menu/set/br/1180-179.html,23,,,,???????
shop_menu/set/br/1181-116.html,23,,,,???????
shop_menu/set/br/1181-120.html,23,,,,???????
shop_menu/set/br/1181-121.html,23,,,,???????
shop_menu/set/br/1181-134.html,23,,,,???????
shop_menu/set/br/1181-136.html,23,,,,???????
shop_menu/set/br/1182-116.html,23,,,,???????
shop_menu/set/item/10000.php,24,,,,?????????
shop_menu/set/item/10001.php,24,,,,?????????
shop_menu/set/item/10002.php,24,,,,?????????
shop_menu/set/item/10003.php,24,,,,?????????
shop_menu/set/item/10004.php,24,,,,?????????
shop_menu/set/item/10005.php,24,,,,?????????
shop_menu/set/item/10006.php,24,,,,?????????
shop_menu/set/item/10007.php,24,,,,?????????
shop_menu/set/item/10008.php,24,,,,?????????
shop_menu/set/item/10009.php,24,,,,?????????
shop_menu/set/item/10010.php,24,,,,?????????
shop_menu/set/item/10011.php,24,,,,?????????
shop_menu/set/item/10012.php,24,,,,?????????
shop_menu/set/item/10013.php,24,,,,?????????
shop_menu/set/item/10014.php,24,,,,?????????
shop_menu/set/item/10015.php,24,,,,?????????
shop_menu/set/item/10017.php,24,,,,?????????
shop_menu/set/item/10018.php,24,,,,?????????
shop_menu/set/item/10019.php,24,,,,?????????
shop_menu/set/item/10020.php,24,,,,?????????
shop_menu/set/item/10021.php,24,,,,?????????
shop_menu/set/item/10022.php,24,,,,?????????
shop_menu/set/item/10023.php,24,,,,?????????
shop_menu/set/item/10024.php,24,,,,?????????
shop_menu/set/item/10025.php,24,,,,?????????
shop_menu/set/item/10026.php,24,,,,?????????
shop_menu/set/item/10027.php,24,,,,?????????
shop_menu/set/item/10028.php,24,,,,?????????
shop_menu/set/item/10029.php,24,,,,?????????
shop_menu/set/item/10030.php,24,,,,?????????
shop_menu/set/item/10031.php,24,,,,?????????
shop_menu/set/item/10032.php,24,,,,?????????
shop_menu/set/item/10033.php,24,,,,?????????
shop_menu/set/item/10034.php,24,,,,?????????
shop_menu/set/item/10035.php,24,,,,?????????
shop_menu/set/item/10036.php,24,,,,?????????
shop_menu/set/item/10037.php,24,,,,?????????
shop_menu/set/item/10038.php,24,,,,?????????
shop_menu/set/item/10039.php,24,,,,?????????
shop_menu/set/item/10040.php,24,,,,?????????
shop_menu/set/item/10041.php,24,,,,?????????
shop_menu/set/item/10042.php,24,,,,?????????
shop_menu/set/item/10043.php,24,,,,?????????
shop_menu/set/item/10044.php,24,,,,?????????
shop_menu/set/item/10045.php,24,,,,?????????
shop_menu/set/item/10046.php,24,,,,?????????
shop_menu/set/item/10047.php,24,,,,?????????
shop_menu/set/item/10048.php,24,,,,?????????
shop_menu/set/item/10049.php,24,,,,?????????
shop_menu/set/item/10050.php,24,,,,?????????
shop_menu/set/item/10051.php,24,,,,?????????
shop_menu/set/item/10052.php,24,,,,?????????
shop_menu/set/item/10053.php,24,,,,?????????
shop_menu/set/item/10054.php,24,,,,?????????
shop_menu/set/item/10055.php,24,,,,?????????
shop_menu/set/item/10056.php,24,,,,?????????
shop_menu/set/item/10057.php,24,,,,?????????
shop_menu/set/item/10058.php,24,,,,?????????
shop_menu/set/item/10059.php,24,,,,?????????
shop_menu/set/item/10060.php,24,,,,?????????
shop_menu/set/item/10061.php,24,,,,?????????
shop_menu/set/item/10062.php,24,,,,?????????
shop_menu/set/item/10063.php,24,,,,?????????
shop_menu/set/item/10064.php,24,,,,?????????
shop_menu/set/item/10065.php,24,,,,?????????
shop_menu/set/item/10066.php,24,,,,?????????
shop_menu/set/item/10067.php,24,,,,?????????
shop_menu/set/item/10068.php,24,,,,?????????
shop_menu/set/item/10069.php,24,,,,?????????
shop_menu/set/item/10070.php,24,,,,?????????
shop_menu/set/item/10071.php,24,,,,?????????
shop_menu/set/item/10072.php,24,,,,?????????
shop_menu/set/item/10075.php,24,,,,?????????
shop_menu/set/item/10076.php,24,,,,?????????
shop_menu/set/item/10077.php,24,,,,?????????
shop_menu/set/item/10079.php,24,,,,?????????
shop_menu/set/item/10080.php,24,,,,?????????
shop_menu/set/item/10081.php,24,,,,?????????
shop_menu/set/item/10082.php,24,,,,?????????
shop_menu/set/item/10083.php,24,,,,?????????
shop_menu/set/item/10084.php,24,,,,?????????
shop_menu/set/item/10085.php,24,,,,?????????
shop_menu/set/item/10088.php,24,,,,?????????
shop_menu/set/item/10089.php,24,,,,?????????
shop_menu/set/item/10090.php,24,,,,?????????
shop_menu/set/item/10091.php,24,,,,?????????
shop_menu/set/item/10092.php,24,,,,?????????
shop_menu/set/item/10094.php,24,,,,?????????
shop_menu/set/item/10095.php,24,,,,?????????
shop_menu/set/item/10096.php,24,,,,?????????
shop_menu/set/item/10097.php,24,,,,?????????
shop_menu/set/item/10098.php,24,,,,?????????
shop_menu/set/item/10099.php,24,,,,?????????
shop_menu/set/item/10100.php,24,,,,?????????
shop_menu/set/item/10101.php,24,,,,?????????
shop_menu/set/item/10102.php,24,,,,?????????
shop_menu/set/item/10103.php,24,,,,?????????
shop_menu/set/item/10104.php,24,,,,?????????
shop_menu/set/item/10105.php,24,,,,?????????
shop_menu/set/item/10106.php,24,,,,?????????
shop_menu/set/item/10107.php,24,,,,?????????
shop_menu/set/item/10108.php,24,,,,?????????
shop_menu/set/item/10109.php,24,,,,?????????
shop_menu/set/item/10110.php,24,,,,?????????
shop_menu/set/item/10111.php,24,,,,?????????
shop_menu/set/item/10112.php,24,,,,?????????
shop_menu/set/item/10115.php,24,,,,?????????
shop_menu/set/item/10116.php,24,,,,?????????
shop_menu/set/item/10117.php,24,,,,?????????
shop_menu/set/item/10118.php,24,,,,?????????
shop_menu/set/item/10119.php,24,,,,?????????
shop_menu/set/item/10121.php,24,,,,?????????
shop_menu/set/item/10122.php,24,,,,?????????
shop_menu/set/item/10123.php,24,,,,?????????
shop_menu/set/item/10125.php,24,,,,?????????
shop_menu/set/item/10126.php,24,,,,?????????
shop_menu/set/item/10127.php,24,,,,?????????
shop_menu/set/item/10128.php,24,,,,?????????
shop_menu/set/item/10130.php,24,,,,?????????
shop_menu/set/item/10131.php,24,,,,?????????
shop_menu/set/item/10132.php,24,,,,?????????
shop_menu/set/item/10133.php,24,,,,?????????
shop_menu/set/item/10134.php,24,,,,?????????
shop_menu/set/item/10135.php,24,,,,?????????
shop_menu/set/item/10136.php,24,,,,?????????
shop_menu/set/item/10137.php,24,,,,?????????
shop_menu/set/item/10138.php,24,,,,?????????
shop_menu/set/item/10139.php,24,,,,?????????
shop_menu/set/item/10140.php,24,,,,?????????
shop_menu/set/item/10141.php,24,,,,?????????
shop_menu/set/item/10142.php,24,,,,?????????
shop_menu/set/item/10144.php,24,,,,?????????
shop_menu/set/item/10145.php,24,,,,?????????
shop_menu/set/item/10146.php,24,,,,?????????
shop_menu/set/item/10147.php,24,,,,?????????
shop_menu/set/item/10148.php,24,,,,?????????
shop_menu/set/item/10149.php,24,,,,?????????
shop_menu/set/item/10150.php,24,,,,?????????
shop_menu/set/item/10151.php,24,,,,?????????
shop_menu/set/item/10153.php,24,,,,?????????
shop_menu/set/item/10154.php,24,,,,?????????
shop_menu/set/item/10155.php,24,,,,?????????
shop_menu/set/item/10156.php,24,,,,?????????
shop_menu/set/item/10158.php,24,,,,?????????
shop_menu/set/item/10159.php,24,,,,?????????
shop_menu/set/item/10160.php,24,,,,?????????
shop_menu/set/item/10161.php,24,,,,?????????
shop_menu/set/item/10162.php,24,,,,?????????
shop_menu/set/item/10163.php,24,,,,?????????
shop_menu/set/item/10164.php,24,,,,?????????
shop_menu/set/item/10165.php,24,,,,?????????
shop_menu/set/item/10166.php,24,,,,?????????
shop_menu/set/item/10167.php,24,,,,?????????
shop_menu/set/item/10168.php,24,,,,?????????
shop_menu/set/item/10169.php,24,,,,?????????
shop_menu/set/item/10170.php,24,,,,?????????
shop_menu/set/item/10171.php,24,,,,?????????
shop_menu/set/item/10172.php,24,,,,?????????
shop_menu/set/item/10173.php,24,,,,?????????
shop_menu/set/item/10175.php,24,,,,?????????
shop_menu/set/item/10176.php,24,,,,?????????
shop_menu/set/item/10177.php,24,,,,?????????
shop_menu/set/item/10178.php,24,,,,?????????
shop_menu/set/item/10181.php,24,,,,?????????
shop_menu/set/item/10182.php,24,,,,?????????
shop_menu/set/item/10183.php,24,,,,?????????
shop_menu/set/item/10184.php,24,,,,?????????
shop_menu/set/item/10185.php,24,,,,?????????
shop_menu/set/item/10186.php,24,,,,?????????
shop_menu/set/item/10187.php,24,,,,?????????
shop_menu/set/item/10188.php,24,,,,?????????
shop_menu/set/item/10189.php,24,,,,?????????
shop_menu/set/item/10190.php,24,,,,?????????
shop_menu/set/item/10191.php,24,,,,?????????
shop_menu/set/item/10192.php,24,,,,?????????
shop_menu/set/item/10195.php,24,,,,?????????
shop_menu/set/item/10196.php,24,,,,?????????
shop_menu/set/item/10197.php,24,,,,?????????
shop_menu/set/item/10198.php,24,,,,?????????
shop_menu/set/item/10199.php,24,,,,?????????
shop_menu/set/item/10200.php,24,,,,?????????
shop_menu/set/item/10201.php,24,,,,?????????
shop_menu/set/item/10202.php,24,,,,?????????
shop_menu/set/item/10213.php,24,,,,?????????
shop_menu/set/item/10214.php,24,,,,?????????
shop_menu/set/item/10215.php,24,,,,?????????
shop_menu/set/item/10216.php,24,,,,?????????
shop_menu/set/item/10217.php,24,,,,?????????
shop_menu/set/item/10218.php,24,,,,?????????
shop_menu/set/item/10219.php,24,,,,?????????
shop_menu/set/item/10220.php,24,,,,?????????
shop_menu/set/item/10221.php,24,,,,?????????
shop_menu/set/item/10222.php,24,,,,?????????
shop_menu/set/item/10223.php,24,,,,?????????
shop_menu/set/item/10224.php,24,,,,?????????
shop_menu/set/item/10226.php,24,,,,?????????
shop_menu/set/item/10227.php,24,,,,?????????
shop_menu/set/item/10228.php,24,,,,?????????
shop_menu/set/item/10229.php,24,,,,?????????
shop_menu/set/item/10230.php,24,,,,?????????
shop_menu/set/item/10231.php,24,,,,?????????
shop_menu/set/item/10232.php,24,,,,?????????
shop_menu/set/item/10233.php,24,,,,?????????
shop_menu/set/item/10234.php,24,,,,?????????
shop_menu/set/item/10235.php,24,,,,?????????
shop_menu/set/item/10237.php,24,,,,?????????
shop_menu/set/item/10238.php,24,,,,?????????
shop_menu/set/item/10239.php,24,,,,?????????
shop_menu/set/item/10240.php,24,,,,?????????
shop_menu/set/item/10241.php,24,,,,?????????
shop_menu/set/item/10242.php,24,,,,?????????
shop_menu/set/item/10243.php,24,,,,?????????
shop_menu/set/item/10244.php,24,,,,?????????
shop_menu/set/item/10245.php,24,,,,?????????
shop_menu/set/item/10246.php,24,,,,?????????
shop_menu/set/item/10248.php,24,,,,?????????
shop_menu/set/item/10249.php,24,,,,?????????
shop_menu/set/item/10250.php,24,,,,?????????
shop_menu/set/item/10251.php,24,,,,?????????
shop_menu/set/item/10252.php,24,,,,?????????
shop_menu/set/item/10253.php,24,,,,?????????
shop_menu/set/item/10270.php,24,,,,?????????
shop_menu/set/item/10271.php,24,,,,?????????
shop_menu/set/item/10272.php,24,,,,?????????
shop_menu/set/item/10275.php,24,,,,?????????
shop_menu/set/item/10292.php,24,,,,?????????
shop_menu/set/item/10293.php,24,,,,?????????
shop_menu/set/item/10294.php,24,,,,?????????
shop_menu/set/item/10295.php,24,,,,?????????
shop_menu/set/item/10296.php,24,,,,?????????
shop_menu/set/item/10297.php,24,,,,?????????
shop_menu/set/item/10298.php,24,,,,?????????
shop_menu/set/item/10299.php,24,,,,?????????
shop_menu/set/item/10300.php,24,,,,?????????
shop_menu/set/item/10301.php,24,,,,?????????
shop_menu/set/item/10302.php,24,,,,?????????
shop_menu/set/item/10303.php,24,,,,?????????
shop_menu/set/item/10304.php,24,,,,?????????
shop_menu/set/item/10305.php,24,,,,?????????
shop_menu/set/item/10306.php,24,,,,?????????
shop_menu/set/item/10344.php,24,,,,?????????
shop_menu/set/item/10345.php,24,,,,?????????
shop_menu/set/item/10346.php,24,,,,?????????
shop_menu/set/item/10347.php,24,,,,?????????
shop_menu/set/item/10350.php,24,,,,?????????
shop_menu/set/item/10351.php,24,,,,?????????
shop_menu/set/item/10353.php,24,,,,?????????
shop_menu/set/item/10354.php,24,,,,?????????
shop_menu/set/item/10355.php,24,,,,?????????
shop_menu/set/item/10356.php,24,,,,?????????
shop_menu/set/item/10359.php,24,,,,?????????
shop_menu/set/item/10360.php,24,,,,?????????
shop_menu/set/item/10361.php,24,,,,?????????
shop_menu/set/item/10367.php,24,,,,?????????
shop_menu/set/item/10368.php,24,,,,?????????
shop_menu/set/item/10369.php,24,,,,?????????
shop_menu/set/item/10370.php,24,,,,?????????
shop_menu/set/item/10371.php,24,,,,?????????
shop_menu/set/item/10372.php,24,,,,?????????
shop_menu/set/item/10430.php,24,,,,?????????
shop_menu/set/item/10435.php,24,,,,?????????
shop_menu/set/item/10436.php,24,,,,?????????
shop_menu/set/item/10437.php,24,,,,?????????
shop_menu/set/item/10439.php,24,,,,?????????
shop_menu/set/item/10446.php,24,,,,?????????
shop_menu/set/item/10447.php,24,,,,?????????
shop_menu/set/item/10450.php,24,,,,?????????
shop_menu/set/item/10453.php,24,,,,?????????
shop_menu/set/item/10455.php,24,,,,?????????
shop_menu/set/item/10456.php,24,,,,?????????
shop_menu/set/item/10457.php,24,,,,?????????
shop_menu/set/item/10458.php,24,,,,?????????
shop_menu/set/item/10462.php,24,,,,?????????
shop_menu/set/item/10463.php,24,,,,?????????
shop_menu/set/item/10464.php,24,,,,?????????
shop_menu/set/item/10467.php,24,,,,?????????
shop_menu/set/item/10469.php,24,,,,?????????
shop_menu/set/item/10472.php,24,,,,?????????
shop_menu/set/item/10474.php,24,,,,?????????
shop_menu/set/item/10477.php,24,,,,?????????
shop_menu/set/item/10479.php,24,,,,?????????
shop_menu/set/item/10483.php,24,,,,?????????
shop_menu/set/item/10484.php,24,,,,?????????
shop_menu/set/item/10500.php,24,,,,?????????
shop_menu/set/item/10524.php,24,,,,?????????
shop_menu/set/item/10525.php,24,,,,?????????
shop_menu/set/item/10526.php,24,,,,?????????
shop_menu/set/item/10527.php,24,,,,?????????
shop_menu/set/item/10528.php,24,,,,?????????
shop_menu/set/item/10529.php,24,,,,?????????
shop_menu/set/item/10531.php,24,,,,?????????
shop_menu/set/item/10534.php,24,,,,?????????
shop_menu/set/item/10535.php,24,,,,?????????
shop_menu/set/item/10536.php,24,,,,?????????
shop_menu/set/item/10538.php,24,,,,?????????
shop_menu/set/item/10539.php,24,,,,?????????
shop_menu/set/item/10540.php,24,,,,?????????
shop_menu/set/item/10541.php,24,,,,?????????
shop_menu/set/item/10542.php,24,,,,?????????
shop_menu/set/item/10543.php,24,,,,?????????
shop_menu/set/item/10553.php,24,,,,?????????
shop_menu/set/item/10554.php,24,,,,?????????
shop_menu/set/item/10555.php,24,,,,?????????
shop_menu/set/item/10556.php,24,,,,?????????
shop_menu/set/item/10557.php,24,,,,?????????
shop_menu/set/item/10558.php,24,,,,?????????
shop_menu/set/item/10559.php,24,,,,?????????
shop_menu/set/item/10560.php,24,,,,?????????
shop_menu/set/item/10561.php,24,,,,?????????
shop_menu/set/item/10562.php,24,,,,?????????
shop_menu/set/item/10563.php,24,,,,?????????
shop_menu/set/item/10564.php,24,,,,?????????
shop_menu/set/item/10565.php,24,,,,?????????
shop_menu/set/item/10566.php,24,,,,?????????
shop_menu/set/item/10567.php,24,,,,?????????
shop_menu/set/item/10568.php,24,,,,?????????
shop_menu/set/item/10569.php,24,,,,?????????
shop_menu/set/item/10570.php,24,,,,?????????
shop_menu/set/item/10571.php,24,,,,?????????
shop_menu/set/item/10610.php,24,,,,?????????
shop_menu/set/item/10621.php,24,,,,?????????
shop_menu/set/item/10625.php,24,,,,?????????
shop_menu/set/item/10628.php,24,,,,?????????
shop_menu/set/item/10629.php,24,,,,?????????
shop_menu/set/item/10667.php,24,,,,?????????
shop_menu/set/item/10668.php,24,,,,?????????
shop_menu/set/item/10669.php,24,,,,?????????
shop_menu/set/item/10670.php,24,,,,?????????
shop_menu/set/item/10671.php,24,,,,?????????
shop_menu/set/item/10672.php,24,,,,?????????
shop_menu/set/item/10673.php,24,,,,?????????
shop_menu/set/item/10675.php,24,,,,?????????
shop_menu/set/item/10676.php,24,,,,?????????
shop_menu/set/item/10677.php,24,,,,?????????
shop_menu/set/item/10678.php,24,,,,?????????
shop_menu/set/item/10679.php,24,,,,?????????
shop_menu/set/item/10680.php,24,,,,?????????
shop_menu/set/item/10681.php,24,,,,?????????
shop_menu/set/item/10682.php,24,,,,?????????
shop_menu/set/item/10683.php,24,,,,?????????
shop_menu/set/item/10684.php,24,,,,?????????
shop_menu/set/item/10685.php,24,,,,?????????
shop_menu/set/item/10686.php,24,,,,?????????
shop_menu/set/item/10687.php,24,,,,?????????
shop_menu/set/item/10688.php,24,,,,?????????
shop_menu/set/item/10689.php,24,,,,?????????
shop_menu/set/item/10690.php,24,,,,?????????
shop_menu/set/item/10691.php,24,,,,?????????
shop_menu/set/item/10692.php,24,,,,?????????
shop_menu/set/item/10695.php,24,,,,?????????
shop_menu/set/item/10696.php,24,,,,?????????
shop_menu/set/item/10697.php,24,,,,?????????
shop_menu/set/item/10698.php,24,,,,?????????
shop_menu/set/item/10699.php,24,,,,?????????
shop_menu/set/item/10700.php,24,,,,?????????
shop_menu/set/item/10701.php,24,,,,?????????
shop_menu/set/item/10703.php,24,,,,?????????
shop_menu/set/item/10704.php,24,,,,?????????
shop_menu/set/item/10706.php,24,,,,?????????
shop_menu/set/item/10708.php,24,,,,?????????
shop_menu/set/item/10709.php,24,,,,?????????
shop_menu/set/item/10710.php,24,,,,?????????
shop_menu/set/item/10712.php,24,,,,?????????
shop_menu/set/item/10713.php,24,,,,?????????
shop_menu/set/item/10714.php,24,,,,?????????
shop_menu/set/item/10715.php,24,,,,?????????
shop_menu/set/item/10716.php,24,,,,?????????
shop_menu/set/item/10717.php,24,,,,?????????
shop_menu/set/item/10719.php,24,,,,?????????
shop_menu/set/item/10722.php,24,,,,?????????
shop_menu/set/item/10723.php,24,,,,?????????
shop_menu/set/item/10725.php,24,,,,?????????
shop_menu/set/item/10726.php,24,,,,?????????
shop_menu/set/item/10727.php,24,,,,?????????
shop_menu/set/item/10729.php,24,,,,?????????
shop_menu/set/item/10730.php,24,,,,?????????
shop_menu/set/item/10731.php,24,,,,?????????
shop_menu/set/item/10732.php,24,,,,?????????
shop_menu/set/item/10733.php,24,,,,?????????
shop_menu/set/item/10736.php,24,,,,?????????
shop_menu/set/item/10737.php,24,,,,?????????
shop_menu/set/item/10741.php,24,,,,?????????
shop_menu/set/item/10744.php,24,,,,?????????
shop_menu/set/item/10745.php,24,,,,?????????
shop_menu/set/item/10746.php,24,,,,?????????
shop_menu/set/item/10747.php,24,,,,?????????
shop_menu/set/item/10748.php,24,,,,?????????
shop_menu/set/item/10749.php,24,,,,?????????
shop_menu/set/item/10750.php,24,,,,?????????
shop_menu/set/item/10751.php,24,,,,?????????
shop_menu/set/item/10752.php,24,,,,?????????
shop_menu/set/item/10754.php,24,,,,?????????
shop_menu/set/item/10755.php,24,,,,?????????
shop_menu/set/item/10756.php,24,,,,?????????
shop_menu/set/item/10757.php,24,,,,?????????
shop_menu/set/item/10758.php,24,,,,?????????
shop_menu/set/item/10759.php,24,,,,?????????
shop_menu/set/item/10760.php,24,,,,?????????
shop_menu/set/item/10762.php,24,,,,?????????
shop_menu/set/item/10764.php,24,,,,?????????
shop_menu/set/item/10765.php,24,,,,?????????
shop_menu/set/item/10766.php,24,,,,?????????
shop_menu/set/item/10767.php,24,,,,?????????
shop_menu/set/item/10768.php,24,,,,?????????
shop_menu/set/item/10770.php,24,,,,?????????
shop_menu/set/item/10771.php,24,,,,?????????
shop_menu/set/item/10773.php,24,,,,?????????
shop_menu/set/item/10774.php,24,,,,?????????
shop_menu/set/item/10775.php,24,,,,?????????
shop_menu/set/item/10776.php,24,,,,?????????
shop_menu/set/item/10777.php,24,,,,?????????
shop_menu/set/item/10778.php,24,,,,?????????
shop_menu/set/item/10781.php,24,,,,?????????
shop_menu/set/item/10784.php,24,,,,?????????
shop_menu/set/item/10787.php,24,,,,?????????
shop_menu/set/item/10788.php,24,,,,?????????
shop_menu/set/item/10789.php,24,,,,?????????
shop_menu/set/item/10790.php,24,,,,?????????
shop_menu/set/item/10791.php,24,,,,?????????
shop_menu/set/item/10793.php,24,,,,?????????
shop_menu/set/item/10795.php,24,,,,?????????
shop_menu/set/item/10796.php,24,,,,?????????
shop_menu/set/item/10800.php,24,,,,?????????
shop_menu/set/item/10802.php,24,,,,?????????
shop_menu/set/item/10803.php,24,,,,?????????
shop_menu/set/item/10247.php,24,,,,?????????
shop_menu/set/item/10339.php,24,,,,?????????
shop_menu/set/item/10340.php,24,,,,?????????
shop_menu/set/item/10341.php,24,,,,?????????
shop_menu/set/item/10342.php,24,,,,?????????
shop_menu/set/item/10804.php,24,,,,?????????
shop_menu/set/item/10805.php,24,,,,?????????
shop_menu/set/item/10806.php,24,,,,?????????
shop_menu/set/item/10807.php,24,,,,?????????
shop_menu/set/item/10808.php,24,,,,?????????
shop_menu/set/item/10809.php,24,,,,?????????
shop_menu/set/item/10810.php,24,,,,?????????
shop_menu/set/item/10811.php,24,,,,?????????
shop_menu/set/item/10812.php,24,,,,?????????
shop_menu/set/item/10813.php,24,,,,?????????
shop_menu/set/item/10814.php,24,,,,?????????
shop_menu/set/item/10815.php,24,,,,?????????
shop_menu/set/item/10816.php,24,,,,?????????
shop_menu/set/item/10817.php,24,,,,?????????
shop_menu/set/item/10818.php,24,,,,?????????
shop_menu/set/item/10819.php,24,,,,?????????
shop_menu/set/item/10820.php,24,,,,?????????
shop_menu/set/item/10822.php,24,,,,?????????
shop_menu/set/item/10613.php,24,,,,?????????
shop_menu/set/item/10487.php,24,,,,?????????
shop_menu/set/item/10499.php,24,,,,?????????
shop_menu/set/item/10454.php,24,,,,?????????
shop_menu/set/item/10488.php,24,,,,?????????
shop_menu/set/item/10489.php,24,,,,?????????
shop_menu/set/item/10490.php,24,,,,?????????
shop_menu/set/item/10491.php,24,,,,?????????
shop_menu/set/item/10492.php,24,,,,?????????
shop_menu/set/item/10493.php,24,,,,?????????
shop_menu/set/item/10494.php,24,,,,?????????
shop_menu/set/item/10495.php,24,,,,?????????
shop_menu/set/item/10502.php,24,,,,?????????
shop_menu/set/item/10612.php,24,,,,?????????
shop_menu/set/item/10611.php,24,,,,?????????
shop_menu/set/item/10486.php,24,,,,?????????
shop_menu/set/item/10544.php,24,,,,?????????
shop_menu/set/item/10501.php,24,,,,?????????
shop_menu/set/item/10289.php,24,,,,?????????
shop_menu/set/item/10255.php,24,,,,?????????
shop_menu/set/item/10631.php,24,,,,?????????
shop_menu/set/item/10630.php,24,,,,?????????
shop_menu/set/item/10284.php,24,,,,?????????
shop_menu/set/item/10285.php,24,,,,?????????
shop_menu/set/item/10287.php,24,,,,?????????
shop_menu/set/item/10288.php,24,,,,?????????
shop_menu/set/item/10290.php,24,,,,?????????
shop_menu/set/item/10616.php,24,,,,?????????
shop_menu/set/item/10617.php,24,,,,?????????
shop_menu/set/item/10618.php,24,,,,?????????
shop_menu/set/item/10619.php,24,,,,?????????
shop_menu/set/item/10620.php,24,,,,?????????
shop_menu/set/item/10626.php,24,,,,?????????
shop_menu/set/item/10638.php,24,,,,?????????
shop_menu/set/item/10632.php,24,,,,?????????
shop_menu/set/item/10633.php,24,,,,?????????
shop_menu/set/item/10634.php,24,,,,?????????
shop_menu/set/item/10614.php,24,,,,?????????
shop_menu/set/item/10273.php,24,,,,?????????
shop_menu/set/item/10311.php,24,,,,?????????
shop_menu/set/item/10313.php,24,,,,?????????
shop_menu/set/item/10314.php,24,,,,?????????
shop_menu/set/item/10315.php,24,,,,?????????
shop_menu/set/item/10316.php,24,,,,?????????
shop_menu/set/item/10317.php,24,,,,?????????
shop_menu/set/item/10319.php,24,,,,?????????
shop_menu/set/item/10320.php,24,,,,?????????
shop_menu/set/item/10321.php,24,,,,?????????
shop_menu/set/item/10322.php,24,,,,?????????
shop_menu/set/item/10323.php,24,,,,?????????
shop_menu/set/item/10324.php,24,,,,?????????
shop_menu/set/item/10325.php,24,,,,?????????
shop_menu/set/item/10330.php,24,,,,?????????
shop_menu/set/item/10332.php,24,,,,?????????
shop_menu/set/item/10333.php,24,,,,?????????
shop_menu/set/item/10334.php,24,,,,?????????
shop_menu/set/item/10335.php,24,,,,?????????
shop_menu/set/item/10337.php,24,,,,?????????
shop_menu/set/item/10338.php,24,,,,?????????
shop_menu/sale/item/10001.php,25,,,,?????????
shop_menu/sale/item/10002.php,25,,,,?????????
shop_menu/sale/item/10003.php,25,,,,?????????
shop_menu/sale/item/10004.php,25,,,,?????????
shop_menu/sale/item/10005.php,25,,,,?????????
shop_menu/sale/item/10006.php,25,,,,?????????
shop_menu/sale/item/10007.php,25,,,,?????????
shop_menu/sale/item/10008.php,25,,,,?????????
shop_menu/sale/item/10009.php,25,,,,?????????
shop_menu/sale/item/10010.php,25,,,,?????????
shop_menu/sale/item/10011.php,25,,,,?????????
shop_menu/sale/item/10012.php,25,,,,?????????
shop_menu/sale/item/10013.php,25,,,,?????????
shop_menu/sale/item/10014.php,25,,,,?????????
shop_menu/sale/item/10015.php,25,,,,?????????
shop_menu/sale/item/10016.php,25,,,,?????????
shop_menu/sale/item/10017.php,25,,,,?????????
shop_menu/sale/item/10018.php,25,,,,?????????
shop_menu/sale/item/10019.php,25,,,,?????????
shop_menu/sale/item/10020.php,25,,,,?????????
shop_menu/sale/item/10021.php,25,,,,?????????
shop_menu/sale/item/10022.php,25,,,,?????????
shop_menu/sale/item/10023.php,25,,,,?????????
shop_menu/sale/item/10024.php,25,,,,?????????
shop_menu/sale/item/10025.php,25,,,,?????????
shop_menu/sale/item/10026.php,25,,,,?????????
shop_menu/sale/item/10027.php,25,,,,?????????
shop_menu/sale/item/10028.php,25,,,,?????????
shop_menu/sale/item/10029.php,25,,,,?????????
shop_menu/sale/item/10030.php,25,,,,?????????
shop_menu/sale/item/10031.php,25,,,,?????????
shop_menu/sale/item/10032.php,25,,,,?????????
shop_menu/sale/item/10033.php,25,,,,?????????
shop_menu/sale/item/10034.php,25,,,,?????????
shop_menu/sale/item/10035.php,25,,,,?????????
shop_menu/sale/item/10036.php,25,,,,?????????
shop_menu/sale/item/10037.php,25,,,,?????????
shop_menu/sale/item/10038.php,25,,,,?????????
shop_menu/sale/item/10039.php,25,,,,?????????
shop_menu/sale/item/10040.php,25,,,,?????????
shop_menu/sale/item/10041.php,25,,,,?????????
shop_menu/sale/item/10042.php,25,,,,?????????
shop_menu/sale/item/10822.php,25,,,,?????????
shop_menu/sale/item/10043.php,25,,,,?????????
shop_menu/sale/item/10044.php,25,,,,?????????
shop_menu/sale/item/10045.php,25,,,,?????????
shop_menu/sale/item/10046.php,25,,,,?????????
shop_menu/sale/item/10047.php,25,,,,?????????
shop_menu/sale/item/10048.php,25,,,,?????????
shop_menu/sale/item/10049.php,25,,,,?????????
shop_menu/sale/item/10050.php,25,,,,?????????
shop_menu/sale/item/10051.php,25,,,,?????????
shop_menu/sale/item/10052.php,25,,,,?????????
shop_menu/sale/item/10053.php,25,,,,?????????
shop_menu/sale/item/10054.php,25,,,,?????????
shop_menu/sale/item/10055.php,25,,,,?????????
shop_menu/sale/item/10056.php,25,,,,?????????
shop_menu/sale/item/10057.php,25,,,,?????????
shop_menu/sale/item/10058.php,25,,,,?????????
shop_menu/sale/item/10059.php,25,,,,?????????
shop_menu/sale/item/10060.php,25,,,,?????????
shop_menu/sale/item/10061.php,25,,,,?????????
shop_menu/sale/item/10062.php,25,,,,?????????
shop_menu/sale/item/10063.php,25,,,,?????????
shop_menu/sale/item/10064.php,25,,,,?????????
shop_menu/sale/item/10065.php,25,,,,?????????
shop_menu/sale/item/10066.php,25,,,,?????????
shop_menu/sale/item/10067.php,25,,,,?????????
shop_menu/sale/item/10068.php,25,,,,?????????
shop_menu/sale/item/10069.php,25,,,,?????????
shop_menu/sale/item/10070.php,25,,,,?????????
shop_menu/sale/item/10071.php,25,,,,?????????
shop_menu/sale/item/10075.php,25,,,,?????????
shop_menu/sale/item/10076.php,25,,,,?????????
shop_menu/sale/item/10077.php,25,,,,?????????
shop_menu/sale/item/10079.php,25,,,,?????????
shop_menu/sale/item/10080.php,25,,,,?????????
shop_menu/sale/item/10081.php,25,,,,?????????
shop_menu/sale/item/10082.php,25,,,,?????????
shop_menu/sale/item/10083.php,25,,,,?????????
shop_menu/sale/item/10084.php,25,,,,?????????
shop_menu/sale/item/10085.php,25,,,,?????????
shop_menu/sale/item/10088.php,25,,,,?????????
shop_menu/sale/item/10089.php,25,,,,?????????
shop_menu/sale/item/10090.php,25,,,,?????????
shop_menu/sale/item/10091.php,25,,,,?????????
shop_menu/sale/item/10092.php,25,,,,?????????
shop_menu/sale/item/10094.php,25,,,,?????????
shop_menu/sale/item/10095.php,25,,,,?????????
shop_menu/sale/item/10096.php,25,,,,?????????
shop_menu/sale/item/10097.php,25,,,,?????????
shop_menu/sale/item/10098.php,25,,,,?????????
shop_menu/sale/item/10099.php,25,,,,?????????
shop_menu/sale/item/10100.php,25,,,,?????????
shop_menu/sale/item/10101.php,25,,,,?????????
shop_menu/sale/item/10102.php,25,,,,?????????
shop_menu/sale/item/10103.php,25,,,,?????????
shop_menu/sale/item/10104.php,25,,,,?????????
shop_menu/sale/item/10105.php,25,,,,?????????
shop_menu/sale/item/10106.php,25,,,,?????????
shop_menu/sale/item/10107.php,25,,,,?????????
shop_menu/sale/item/10108.php,25,,,,?????????
shop_menu/sale/item/10109.php,25,,,,?????????
shop_menu/sale/item/10110.php,25,,,,?????????
shop_menu/sale/item/10111.php,25,,,,?????????
shop_menu/sale/item/10112.php,25,,,,?????????
shop_menu/sale/item/10115.php,25,,,,?????????
shop_menu/sale/item/10116.php,25,,,,?????????
shop_menu/sale/item/10117.php,25,,,,?????????
shop_menu/sale/item/10118.php,25,,,,?????????
shop_menu/sale/item/10119.php,25,,,,?????????
shop_menu/sale/item/10121.php,25,,,,?????????
shop_menu/sale/item/10122.php,25,,,,?????????
shop_menu/sale/item/10123.php,25,,,,?????????
shop_menu/sale/item/10125.php,25,,,,?????????
shop_menu/sale/item/10126.php,25,,,,?????????
shop_menu/sale/item/10127.php,25,,,,?????????
shop_menu/sale/item/10128.php,25,,,,?????????
shop_menu/sale/item/10130.php,25,,,,?????????
shop_menu/sale/item/10131.php,25,,,,?????????
shop_menu/sale/item/10132.php,25,,,,?????????
shop_menu/sale/item/10133.php,25,,,,?????????
shop_menu/sale/item/10134.php,25,,,,?????????
shop_menu/sale/item/10135.php,25,,,,?????????
shop_menu/sale/item/10136.php,25,,,,?????????
shop_menu/sale/item/10137.php,25,,,,?????????
shop_menu/sale/item/10138.php,25,,,,?????????
shop_menu/sale/item/10139.php,25,,,,?????????
shop_menu/sale/item/10140.php,25,,,,?????????
shop_menu/sale/item/10141.php,25,,,,?????????
shop_menu/sale/item/10142.php,25,,,,?????????
shop_menu/sale/item/10144.php,25,,,,?????????
shop_menu/sale/item/10145.php,25,,,,?????????
shop_menu/sale/item/10146.php,25,,,,?????????
shop_menu/sale/item/10147.php,25,,,,?????????
shop_menu/sale/item/10148.php,25,,,,?????????
shop_menu/sale/item/10149.php,25,,,,?????????
shop_menu/sale/item/10150.php,25,,,,?????????
shop_menu/sale/item/10151.php,25,,,,?????????
shop_menu/sale/item/10153.php,25,,,,?????????
shop_menu/sale/item/10154.php,25,,,,?????????
shop_menu/sale/item/10155.php,25,,,,?????????
shop_menu/sale/item/10156.php,25,,,,?????????
shop_menu/sale/item/10158.php,25,,,,?????????
shop_menu/sale/item/10159.php,25,,,,?????????
shop_menu/sale/item/10160.php,25,,,,?????????
shop_menu/sale/item/10161.php,25,,,,?????????
shop_menu/sale/item/10162.php,25,,,,?????????
shop_menu/sale/item/10163.php,25,,,,?????????
shop_menu/sale/item/10164.php,25,,,,?????????
shop_menu/sale/item/10165.php,25,,,,?????????
shop_menu/sale/item/10166.php,25,,,,?????????
shop_menu/sale/item/10167.php,25,,,,?????????
shop_menu/sale/item/10168.php,25,,,,?????????
shop_menu/sale/item/10169.php,25,,,,?????????
shop_menu/sale/item/10170.php,25,,,,?????????
shop_menu/sale/item/10171.php,25,,,,?????????
shop_menu/sale/item/10172.php,25,,,,?????????
shop_menu/sale/item/10173.php,25,,,,?????????
shop_menu/sale/item/10175.php,25,,,,?????????
shop_menu/sale/item/10176.php,25,,,,?????????
shop_menu/sale/item/10177.php,25,,,,?????????
shop_menu/sale/item/10178.php,25,,,,?????????
shop_menu/sale/item/10181.php,25,,,,?????????
shop_menu/sale/item/10182.php,25,,,,?????????
shop_menu/sale/item/10183.php,25,,,,?????????
shop_menu/sale/item/10184.php,25,,,,?????????
shop_menu/sale/item/10185.php,25,,,,?????????
shop_menu/sale/item/10186.php,25,,,,?????????
shop_menu/sale/item/10187.php,25,,,,?????????
shop_menu/sale/item/10188.php,25,,,,?????????
shop_menu/sale/item/10189.php,25,,,,?????????
shop_menu/sale/item/10190.php,25,,,,?????????
shop_menu/sale/item/10191.php,25,,,,?????????
shop_menu/sale/item/10192.php,25,,,,?????????
shop_menu/sale/item/10195.php,25,,,,?????????
shop_menu/sale/item/10196.php,25,,,,?????????
shop_menu/sale/item/10197.php,25,,,,?????????
shop_menu/sale/item/10198.php,25,,,,?????????
shop_menu/sale/item/10199.php,25,,,,?????????
shop_menu/sale/item/10200.php,25,,,,?????????
shop_menu/sale/item/10201.php,25,,,,?????????
shop_menu/sale/item/10202.php,25,,,,?????????
shop_menu/sale/item/10213.php,25,,,,?????????
shop_menu/sale/item/10214.php,25,,,,?????????
shop_menu/sale/item/10215.php,25,,,,?????????
shop_menu/sale/item/10216.php,25,,,,?????????
shop_menu/sale/item/10217.php,25,,,,?????????
shop_menu/sale/item/10218.php,25,,,,?????????
shop_menu/sale/item/10219.php,25,,,,?????????
shop_menu/sale/item/10220.php,25,,,,?????????
shop_menu/sale/item/10221.php,25,,,,?????????
shop_menu/sale/item/10222.php,25,,,,?????????
shop_menu/sale/item/10223.php,25,,,,?????????
shop_menu/sale/item/10224.php,25,,,,?????????
shop_menu/sale/item/10226.php,25,,,,?????????
shop_menu/sale/item/10227.php,25,,,,?????????
shop_menu/sale/item/10228.php,25,,,,?????????
shop_menu/sale/item/10229.php,25,,,,?????????
shop_menu/sale/item/10230.php,25,,,,?????????
shop_menu/sale/item/10231.php,25,,,,?????????
shop_menu/sale/item/10232.php,25,,,,?????????
shop_menu/sale/item/10233.php,25,,,,?????????
shop_menu/sale/item/10234.php,25,,,,?????????
shop_menu/sale/item/10235.php,25,,,,?????????
shop_menu/sale/item/10237.php,25,,,,?????????
shop_menu/sale/item/10238.php,25,,,,?????????
shop_menu/sale/item/10239.php,25,,,,?????????
shop_menu/sale/item/10240.php,25,,,,?????????
shop_menu/sale/item/10241.php,25,,,,?????????
shop_menu/sale/item/10242.php,25,,,,?????????
shop_menu/sale/item/10243.php,25,,,,?????????
shop_menu/sale/item/10244.php,25,,,,?????????
shop_menu/sale/item/10245.php,25,,,,?????????
shop_menu/sale/item/10246.php,25,,,,?????????
shop_menu/sale/item/10247.php,25,,,,?????????
shop_menu/sale/item/10248.php,25,,,,?????????
shop_menu/sale/item/10249.php,25,,,,?????????
shop_menu/sale/item/10250.php,25,,,,?????????
shop_menu/sale/item/10251.php,25,,,,?????????
shop_menu/sale/item/10252.php,25,,,,?????????
shop_menu/sale/item/10253.php,25,,,,?????????
shop_menu/sale/item/10270.php,25,,,,?????????
shop_menu/sale/item/10271.php,25,,,,?????????
shop_menu/sale/item/10272.php,25,,,,?????????
shop_menu/sale/item/10275.php,25,,,,?????????
shop_menu/sale/item/10292.php,25,,,,?????????
shop_menu/sale/item/10293.php,25,,,,?????????
shop_menu/sale/item/10294.php,25,,,,?????????
shop_menu/sale/item/10295.php,25,,,,?????????
shop_menu/sale/item/10296.php,25,,,,?????????
shop_menu/sale/item/10297.php,25,,,,?????????
shop_menu/sale/item/10298.php,25,,,,?????????
shop_menu/sale/item/10299.php,25,,,,?????????
shop_menu/sale/item/10300.php,25,,,,?????????
shop_menu/sale/item/10301.php,25,,,,?????????
shop_menu/sale/item/10302.php,25,,,,?????????
shop_menu/sale/item/10303.php,25,,,,?????????
shop_menu/sale/item/10304.php,25,,,,?????????
shop_menu/sale/item/10305.php,25,,,,?????????
shop_menu/sale/item/10306.php,25,,,,?????????
shop_menu/sale/item/10344.php,25,,,,?????????
shop_menu/sale/item/10345.php,25,,,,?????????
shop_menu/sale/item/10346.php,25,,,,?????????
shop_menu/sale/item/10347.php,25,,,,?????????
shop_menu/sale/item/10350.php,25,,,,?????????
shop_menu/sale/item/10351.php,25,,,,?????????
shop_menu/sale/item/10353.php,25,,,,?????????
shop_menu/sale/item/10354.php,25,,,,?????????
shop_menu/sale/item/10355.php,25,,,,?????????
shop_menu/sale/item/10356.php,25,,,,?????????
shop_menu/sale/item/10359.php,25,,,,?????????
shop_menu/sale/item/10360.php,25,,,,?????????
shop_menu/sale/item/10361.php,25,,,,?????????
shop_menu/sale/item/10367.php,25,,,,?????????
shop_menu/sale/item/10368.php,25,,,,?????????
shop_menu/sale/item/10369.php,25,,,,?????????
shop_menu/sale/item/10370.php,25,,,,?????????
shop_menu/sale/item/10371.php,25,,,,?????????
shop_menu/sale/item/10372.php,25,,,,?????????
shop_menu/sale/item/10430.php,25,,,,?????????
shop_menu/sale/item/10435.php,25,,,,?????????
shop_menu/sale/item/10436.php,25,,,,?????????
shop_menu/sale/item/10437.php,25,,,,?????????
shop_menu/sale/item/10439.php,25,,,,?????????
shop_menu/sale/item/10446.php,25,,,,?????????
shop_menu/sale/item/10447.php,25,,,,?????????
shop_menu/sale/item/10450.php,25,,,,?????????
shop_menu/sale/item/10453.php,25,,,,?????????
shop_menu/sale/item/10455.php,25,,,,?????????
shop_menu/sale/item/10456.php,25,,,,?????????
shop_menu/sale/item/10457.php,25,,,,?????????
shop_menu/sale/item/10458.php,25,,,,?????????
shop_menu/sale/item/10462.php,25,,,,?????????
shop_menu/sale/item/10463.php,25,,,,?????????
shop_menu/sale/item/10464.php,25,,,,?????????
shop_menu/sale/item/10467.php,25,,,,?????????
shop_menu/sale/item/10469.php,25,,,,?????????
shop_menu/sale/item/10472.php,25,,,,?????????
shop_menu/sale/item/10474.php,25,,,,?????????
shop_menu/sale/item/10477.php,25,,,,?????????
shop_menu/sale/item/10479.php,25,,,,?????????
shop_menu/sale/item/10483.php,25,,,,?????????
shop_menu/sale/item/10484.php,25,,,,?????????
shop_menu/sale/item/10500.php,25,,,,?????????
shop_menu/sale/item/10524.php,25,,,,?????????
shop_menu/sale/item/10525.php,25,,,,?????????
shop_menu/sale/item/10526.php,25,,,,?????????
shop_menu/sale/item/10527.php,25,,,,?????????
shop_menu/sale/item/10528.php,25,,,,?????????
shop_menu/sale/item/10529.php,25,,,,?????????
shop_menu/sale/item/10531.php,25,,,,?????????
shop_menu/sale/item/10534.php,25,,,,?????????
shop_menu/sale/item/10535.php,25,,,,?????????
shop_menu/sale/item/10536.php,25,,,,?????????
shop_menu/sale/item/10538.php,25,,,,?????????
shop_menu/sale/item/10539.php,25,,,,?????????
shop_menu/sale/item/10540.php,25,,,,?????????
shop_menu/sale/item/10541.php,25,,,,?????????
shop_menu/sale/item/10542.php,25,,,,?????????
shop_menu/sale/item/10543.php,25,,,,?????????
shop_menu/sale/item/10553.php,25,,,,?????????
shop_menu/sale/item/10554.php,25,,,,?????????
shop_menu/sale/item/10555.php,25,,,,?????????
shop_menu/sale/item/10556.php,25,,,,?????????
shop_menu/sale/item/10557.php,25,,,,?????????
shop_menu/sale/item/10558.php,25,,,,?????????
shop_menu/sale/item/10559.php,25,,,,?????????
shop_menu/sale/item/10560.php,25,,,,?????????
shop_menu/sale/item/10561.php,25,,,,?????????
shop_menu/sale/item/10562.php,25,,,,?????????
shop_menu/sale/item/10563.php,25,,,,?????????
shop_menu/sale/item/10564.php,25,,,,?????????
shop_menu/sale/item/10565.php,25,,,,?????????
shop_menu/sale/item/10566.php,25,,,,?????????
shop_menu/sale/item/10567.php,25,,,,?????????
shop_menu/sale/item/10568.php,25,,,,?????????
shop_menu/sale/item/10569.php,25,,,,?????????
shop_menu/sale/item/10570.php,25,,,,?????????
shop_menu/sale/item/10571.php,25,,,,?????????
shop_menu/sale/item/10610.php,25,,,,?????????
shop_menu/sale/item/10621.php,25,,,,?????????
shop_menu/sale/item/10625.php,25,,,,?????????
shop_menu/sale/item/10628.php,25,,,,?????????
shop_menu/sale/item/10629.php,25,,,,?????????
shop_menu/sale/item/10667.php,25,,,,?????????
shop_menu/sale/item/10668.php,25,,,,?????????
shop_menu/sale/item/10669.php,25,,,,?????????
shop_menu/sale/item/10670.php,25,,,,?????????
shop_menu/sale/item/10671.php,25,,,,?????????
shop_menu/sale/item/10672.php,25,,,,?????????
shop_menu/sale/item/10673.php,25,,,,?????????
shop_menu/sale/item/10675.php,25,,,,?????????
shop_menu/sale/item/10676.php,25,,,,?????????
shop_menu/sale/item/10677.php,25,,,,?????????
shop_menu/sale/item/10678.php,25,,,,?????????
shop_menu/sale/item/10679.php,25,,,,?????????
shop_menu/sale/item/10680.php,25,,,,?????????
shop_menu/sale/item/10681.php,25,,,,?????????
shop_menu/sale/item/10682.php,25,,,,?????????
shop_menu/sale/item/10683.php,25,,,,?????????
shop_menu/sale/item/10684.php,25,,,,?????????
shop_menu/sale/item/10685.php,25,,,,?????????
shop_menu/sale/item/10686.php,25,,,,?????????
shop_menu/sale/item/10687.php,25,,,,?????????
shop_menu/sale/item/10688.php,25,,,,?????????
shop_menu/sale/item/10689.php,25,,,,?????????
shop_menu/sale/item/10690.php,25,,,,?????????
shop_menu/sale/item/10691.php,25,,,,?????????
shop_menu/sale/item/10692.php,25,,,,?????????
shop_menu/sale/item/10695.php,25,,,,?????????
shop_menu/sale/item/10696.php,25,,,,?????????
shop_menu/sale/item/10697.php,25,,,,?????????
shop_menu/sale/item/10698.php,25,,,,?????????
shop_menu/sale/item/10699.php,25,,,,?????????
shop_menu/sale/item/10700.php,25,,,,?????????
shop_menu/sale/item/10701.php,25,,,,?????????
shop_menu/sale/item/10703.php,25,,,,?????????
shop_menu/sale/item/10704.php,25,,,,?????????
shop_menu/sale/item/10706.php,25,,,,?????????
shop_menu/sale/item/10708.php,25,,,,?????????
shop_menu/sale/item/10709.php,25,,,,?????????
shop_menu/sale/item/10710.php,25,,,,?????????
shop_menu/sale/item/10712.php,25,,,,?????????
shop_menu/sale/item/10713.php,25,,,,?????????
shop_menu/sale/item/10714.php,25,,,,?????????
shop_menu/sale/item/10715.php,25,,,,?????????
shop_menu/sale/item/10716.php,25,,,,?????????
shop_menu/sale/item/10717.php,25,,,,?????????
shop_menu/sale/item/10719.php,25,,,,?????????
shop_menu/sale/item/10722.php,25,,,,?????????
shop_menu/sale/item/10723.php,25,,,,?????????
shop_menu/sale/item/10725.php,25,,,,?????????
shop_menu/sale/item/10726.php,25,,,,?????????
shop_menu/sale/item/10727.php,25,,,,?????????
shop_menu/sale/item/10729.php,25,,,,?????????
shop_menu/sale/item/10730.php,25,,,,?????????
shop_menu/sale/item/10731.php,25,,,,?????????
shop_menu/sale/item/10732.php,25,,,,?????????
shop_menu/sale/item/10733.php,25,,,,?????????
shop_menu/sale/item/10736.php,25,,,,?????????
shop_menu/sale/item/10737.php,25,,,,?????????
shop_menu/sale/item/10741.php,25,,,,?????????
shop_menu/sale/item/10744.php,25,,,,?????????
shop_menu/sale/item/10745.php,25,,,,?????????
shop_menu/sale/item/10746.php,25,,,,?????????
shop_menu/sale/item/10747.php,25,,,,?????????
shop_menu/sale/item/10748.php,25,,,,?????????
shop_menu/sale/item/10749.php,25,,,,?????????
shop_menu/sale/item/10750.php,25,,,,?????????
shop_menu/sale/item/10751.php,25,,,,?????????
shop_menu/sale/item/10752.php,25,,,,?????????
shop_menu/sale/item/10754.php,25,,,,?????????
shop_menu/sale/item/10755.php,25,,,,?????????
shop_menu/sale/item/10756.php,25,,,,?????????
shop_menu/sale/item/10757.php,25,,,,?????????
shop_menu/sale/item/10758.php,25,,,,?????????
shop_menu/sale/item/10759.php,25,,,,?????????
shop_menu/sale/item/10760.php,25,,,,?????????
shop_menu/sale/item/10762.php,25,,,,?????????
shop_menu/sale/item/10764.php,25,,,,?????????
shop_menu/sale/item/10765.php,25,,,,?????????
shop_menu/sale/item/10766.php,25,,,,?????????
shop_menu/sale/item/10767.php,25,,,,?????????
shop_menu/sale/item/10768.php,25,,,,?????????
shop_menu/sale/item/10770.php,25,,,,?????????
shop_menu/sale/item/10771.php,25,,,,?????????
shop_menu/sale/item/10773.php,25,,,,?????????
shop_menu/sale/item/10774.php,25,,,,?????????
shop_menu/sale/item/10775.php,25,,,,?????????
shop_menu/sale/item/10776.php,25,,,,?????????
shop_menu/sale/item/10777.php,25,,,,?????????
shop_menu/sale/item/10778.php,25,,,,?????????
shop_menu/sale/item/10781.php,25,,,,?????????
shop_menu/sale/item/10784.php,25,,,,?????????
shop_menu/sale/item/10787.php,25,,,,?????????
shop_menu/sale/item/10788.php,25,,,,?????????
shop_menu/sale/item/10789.php,25,,,,?????????
shop_menu/sale/item/10790.php,25,,,,?????????
shop_menu/sale/item/10791.php,25,,,,?????????
shop_menu/sale/item/10793.php,25,,,,?????????
shop_menu/sale/item/10795.php,25,,,,?????????
shop_menu/sale/item/10796.php,25,,,,?????????
shop_menu/sale/item/10800.php,25,,,,?????????
shop_menu/sale/item/10802.php,25,,,,?????????
shop_menu/sale/item/10803.php,25,,,,?????????
shop_menu/sale/item/10339.php,25,,,,?????????
shop_menu/sale/item/10340.php,25,,,,?????????
shop_menu/sale/item/10341.php,25,,,,?????????
shop_menu/sale/item/10342.php,25,,,,?????????
shop_menu/sale/item/10804.php,25,,,,?????????
shop_menu/sale/item/10805.php,25,,,,?????????
shop_menu/sale/item/10806.php,25,,,,?????????
shop_menu/sale/item/10807.php,25,,,,?????????
shop_menu/sale/item/10808.php,25,,,,?????????
shop_menu/sale/item/10809.php,25,,,,?????????
shop_menu/sale/item/10810.php,25,,,,?????????
shop_menu/sale/item/10811.php,25,,,,?????????
shop_menu/sale/item/10812.php,25,,,,?????????
shop_menu/sale/item/10813.php,25,,,,?????????
shop_menu/sale/item/10814.php,25,,,,?????????
shop_menu/sale/item/10815.php,25,,,,?????????
shop_menu/sale/item/10816.php,25,,,,?????????
shop_menu/sale/item/10817.php,25,,,,?????????
shop_menu/sale/item/10818.php,25,,,,?????????
shop_menu/sale/item/10819.php,25,,,,?????????
shop_menu/sale/item/10820.php,25,,,,?????????
shop_menu/sale/item/10632.php,25,,,,?????????
shop_menu/sale/item/10633.php,25,,,,?????????
shop_menu/sale/item/10634.php,25,,,,?????????
shop_menu/sale/item/10614.php,25,,,,?????????
shop_menu/sale/item/10273.php,25,,,,?????????
shop_menu/sale/item/10638.php,25,,,,?????????
shop_menu/sale/item/10626.php,25,,,,?????????
shop_menu/sale/item/10620.php,25,,,,?????????
shop_menu/sale/item/10618.php,25,,,,?????????
shop_menu/sale/item/10619.php,25,,,,?????????
shop_menu/sale/item/10617.php,25,,,,?????????
shop_menu/sale/item/10616.php,25,,,,?????????
shop_menu/sale/item/10284.php,25,,,,?????????
shop_menu/sale/item/10285.php,25,,,,?????????
shop_menu/sale/item/10287.php,25,,,,?????????
shop_menu/sale/item/10288.php,25,,,,?????????
shop_menu/sale/item/10290.php,25,,,,?????????
shop_menu/sale/item/10630.php,25,,,,?????????
shop_menu/sale/item/10631.php,25,,,,?????????
shop_menu/sale/item/10289.php,25,,,,?????????
shop_menu/sale/item/10255.php,25,,,,?????????
shop_menu/sale/item/10544.php,25,,,,?????????
shop_menu/sale/item/10501.php,25,,,,?????????
shop_menu/sale/item/10486.php,25,,,,?????????
shop_menu/sale/item/10611.php,25,,,,?????????
shop_menu/sale/item/10612.php,25,,,,?????????
shop_menu/sale/item/10502.php,25,,,,?????????
shop_menu/sale/item/10495.php,25,,,,?????????
shop_menu/sale/item/10488.php,25,,,,?????????
shop_menu/sale/item/10489.php,25,,,,?????????
shop_menu/sale/item/10490.php,25,,,,?????????
shop_menu/sale/item/10491.php,25,,,,?????????
shop_menu/sale/item/10492.php,25,,,,?????????
shop_menu/sale/item/10493.php,25,,,,?????????
shop_menu/sale/item/10494.php,25,,,,?????????
shop_menu/sale/item/10454.php,25,,,,?????????
shop_menu/sale/item/10499.php,25,,,,?????????
shop_menu/sale/item/10487.php,25,,,,?????????
shop_menu/sale/item/10613.php,25,,,,?????????
shop_menu/sale/item/10311.php,25,,,,?????????
shop_menu/sale/item/10313.php,25,,,,?????????
shop_menu/sale/item/10314.php,25,,,,?????????
shop_menu/sale/item/10315.php,25,,,,?????????
shop_menu/sale/item/10316.php,25,,,,?????????
shop_menu/sale/item/10317.php,25,,,,?????????
shop_menu/sale/item/10319.php,25,,,,?????????
shop_menu/sale/item/10320.php,25,,,,?????????
shop_menu/sale/item/10321.php,25,,,,?????????
shop_menu/sale/item/10322.php,25,,,,?????????
shop_menu/sale/item/10323.php,25,,,,?????????
shop_menu/sale/item/10324.php,25,,,,?????????
shop_menu/sale/item/10325.php,25,,,,?????????
shop_menu/sale/item/10330.php,25,,,,?????????
shop_menu/sale/item/10332.php,25,,,,?????????
shop_menu/sale/item/10333.php,25,,,,?????????
shop_menu/sale/item/10334.php,25,,,,?????????
shop_menu/sale/item/10335.php,25,,,,?????????
shop_menu/sale/item/10337.php,25,,,,?????????
shop_menu/sale/item/10338.php,25,,,,?????????
shop_menu/tenpo/index.html,26,,,,???????
shop_menu/tenpo/info.html,26,,,,??????
shop_menu/koutin/change_tire.html,26,,,,?????????
shop_menu/koutin/index.html,26,,,,??????
shop_menu/koutin/mochikomi.html,26,,,,????????
alignment_factory/alignment.php,27,,,,FAC????????
shop_menu/kawaguchi_gift_2020.html,27,,,,?????
shop_menu/tenpo/factory.html,27,,,,FACTORY??
shop_menu/tenpo/mail_factory.html,27,,,,??????????
alignment_heiwajima/alignment.php,28,,,,???????????
shop_menu/tenpo/heiwajima.html,28,,,,?????
shop_menu/tenpo/heiwajima_p.html,28,,,,????????
alignment_ichinoe/alignment.php,29,,,,???????????
shop_menu/tenpo/ichinoe.html,29,,,,?????
product/index.html,3,,,,???????
product/arm/index.html,31,,,,??????
product/body/index.html,31,,,,????????
product/brake/index.html,31,,,,??????????
product/cooling/index.html,31,,,,????????
product/drive/index.html,31,,,,??????
product/engine/index.html,31,,,,???????
product/exhaust/index.html,31,,,,?????????
product/intake/index.html,31,,,,????????
product/interior/index.html,31,,,,????????
product/other/index.html,31,,,,?????????
product/suspension/index.html,31,,,,??????????
product/body/lb_003r.html,32,,,,?????????????????
product/body/lb_101.html,32,,,,SC????????
product/body/pb.html,32,,,,???????
product/body/rbs_402.html,32,,,,???????????
product/body/rbs_402sf.html,32,,,,?????????????
product/body/rg_zp12b.html,32,,,,????????????????
product/body/tb_sp.html,32,,,,?????????
product/body/y_tb.html,32,,,,LS?????
product/cooling/ikp.html,32,,,,???????????
product/cooling/or_a01.html,32,,,,??????????????
product/cooling/ow.html,32,,,,?????????????????
product/cooling/rp.html,32,,,,????????????????
product/cooling/rq.html,32,,,,?????????????
product/drive/bq_clutch_line.html,32,,,,???????
product/drive/ck_k.html,32,,,,???????????
product/drive/ck_m.html,32,,,,??????????
product/drive/ck_n.html,32,,,,???????????
product/drive/differential_member_c.html,32,,,,?????????
product/drive/fw.html,32,,,,???????
product/drive/op.html,32,,,,???????????????????
product/drive/pv.html,32,,,,??????
product/drive/se.html,32,,,,???????????&????
product/engine/tl.html,32,,,,???????
product/exhaust/ap.html,32,,,,??????????????
product/exhaust/fp_w.html,32,,,,60fW?????????????
product/intake/ikp.html,32,,,,???????????
product/intake/ikp_302.html,32,,,,?????????
product/intake/kf.html,32,,,,??????????????
product/interior/bb.html,32,,,,??????
product/interior/bk_rail.html,32,,,,??????????
product/interior/mat.html,32,,,,?????????????
product/other/bd.html,32,,,,?????
product/other/dp.html,32,,,,?????
product/other/dv.html,32,,,,MG??????
product/other/ed.html,32,,,,????????????
product/other/em_001.html,32,,,,??????????
product/other/hs.html,32,,,,???????
product/other/oc.html,32,,,,???????????
product/other/ot_a01.html,32,,,,LSD??????????
product/other/pl.html,32,,,,????
product/other/sa_001.html,32,,,,??????????????
product/other/sd_001.html,32,,,,????????????
product/other/srb.html,32,,,,?????????????
product/other/sz.html,32,,,,????????
product/other/ws_m.html,32,,,,?????????????
product/other/ws_mz.html,32,,,,????????
product/other/ws_n10.html,32,,,,7???????????
product/other/ws_n20.html,32,,,,??????????3
product/suspension/auto_levelizer.html,32,,,,????????????
product/suspension/db.html,32,,,,
product/suspension/de_r35.html,32,,,,?
product/suspension/hk.html,32,,,,?????????????
product/suspension/rc_100f.html,32,,,,????????????
product/suspension/sm_004.html,32,,,,?????????????????
product/suspension/sm_005.html,32,,,,???????????????
product/suspension/sm_006.html,32,,,,?????????????
product/suspension/stabi_link.html,32,,,,?????????
product/suspension/db_zss.html,32,,,,????????
product/suspension/db_spring.html,32,,,,???????
product/arm/alfaromeo_alfa_147.html,30,,,,??????
product/arm/alfaromeo_alfa_156.html,30,,,,??????
product/arm/alfaromeo_alfa_gt.html,30,,,,??????
product/arm/honda_civic.html,30,,,,??????
product/arm/honda_civic_ferio.html,30,,,,??????
product/arm/honda_civic_type_r.html,30,,,,??????
product/arm/honda_cr_x.html,30,,,,??????
product/arm/honda_integra.html,30,,,,??????
product/arm/honda_integra_type_r.html,30,,,,??????
product/arm/honda_odyssey.html,30,,,,??????
product/arm/honda_s2000.html,30,,,,??????
product/arm/honda_stw.html,30,,,,??????
product/arm/mazda_roadster.html,30,,,,??????
product/arm/mazda_rx_7.html,30,,,,??????
product/arm/mazda_rx_8.html,30,,,,??????
product/arm/mitsubishi_lancer_evolution.html,30,,,,??????
product/arm/nissan_cedric_gloria.html,30,,,,??????
product/arm/nissan_cefiro.html,30,,,,??????
product/arm/nissan_fairlady_z.html,30,,,,??????
product/arm/nissan_laurel.html,30,,,,??????
product/arm/nissan_silvia_180sx.html,30,,,,??????
product/arm/nissan_skyline.html,30,,,,??????
product/arm/nissan_skyline_gtr.html,30,,,,??????
product/arm/nissan_stagea.html,30,,,,??????
product/arm/subaru_brz.html,30,,,,??????
product/arm/toyota_86.html,30,,,,??????
product/arm/toyota_alphard_vellfire.html,30,,,,??????
product/arm/toyota_altezza.html,30,,,,??????
product/arm/toyota_crown.html,30,,,,??????
product/arm/toyota_crown_estate.html,30,,,,??????
product/arm/toyota_mark_x.html,30,,,,??????
product/arm/toyota_mark2_blit.html,30,,,,??????
product/arm/toyota_mark2_cresta_chaser.html,30,,,,??????
product/arm/toyota_progres.html,30,,,,??????
product/arm/toyota_verossa.html,30,,,,??????
product/suspension/db_bcnr33.html,30,,,,???
product/suspension/db_bm9.html,30,,,,???
product/suspension/db_bnr32.html,30,,,,???
product/suspension/db_bp5.html,30,,,,???
product/suspension/db_c35.html,30,,,,???
product/suspension/db_cl7.html,30,,,,???
product/suspension/db_cp9a.html,30,,,,???
product/suspension/db_cz4a.html,30,,,,???
product/suspension/db_dc2.html,30,,,,???
product/suspension/db_ecr33.html,30,,,,???
product/suspension/db_ek9.html,30,,,,???
product/suspension/db_er34.html,30,,,,???
product/suspension/db_fc3s.html,30,,,,???
product/suspension/db_fd2.html,30,,,,???
product/suspension/db_fd3s.html,30,,,,???
product/suspension/db_gc8.html,30,,,,???
product/suspension/db_ge6.html,30,,,,???
product/suspension/db_grs202.html,30,,,,???
product/suspension/db_grx130.html,30,,,,???
product/suspension/db_gvf.html,30,,,,???
product/suspension/db_hcr32.html,30,,,,???
product/suspension/db_jza70.html,30,,,,???
product/suspension/db_jzs155.html,30,,,,???
product/suspension/db_jzs161.html,30,,,,???
product/suspension/db_jzx100.html,30,,,,???
product/suspension/db_jzx110.html,30,,,,???
product/suspension/db_jzx90.html,30,,,,???
product/suspension/db_na6ce.html,30,,,,???
product/suspension/db_ncec.html,30,,,,???
product/suspension/db_ncp160v.html,30,,,,???
product/suspension/db_ncp165v.html,30,,,,???
product/suspension/db_ncp91.html,30,,,,???
product/suspension/db_nd5rc.html,30,,,,???
product/suspension/db_nhp10.html,30,,,,???
product/suspension/db_rps13.html,30,,,,???
product/suspension/db_s14.html,30,,,,???
product/suspension/db_s15.html,30,,,,???
product/suspension/db_se3p.html,30,,,,???
product/suspension/db_sw20.html,30,,,,???
product/suspension/db_sxe10.html,30,,,,???
product/suspension/db_vm4.html,30,,,,???
product/suspension/db_vmg.html,30,,,,???
product/suspension/db_wgnc34.html,30,,,,???
product/suspension/db_z34.html,30,,,,???
product/suspension/db_zf1.html,30,,,,???
product/suspension/db_zn6.html,30,,,,???
product/suspension/db_zzw30.html,30,,,,???
shop_menu/set/arm/kts_arm/honda_civic.html,30,,,,???????????
shop_menu/set/arm/kts_arm/honda_civic_ferio.html,30,,,,???????????
shop_menu/set/arm/kts_arm/honda_civic_type_r.html,30,,,,???????????
shop_menu/set/arm/kts_arm/honda_cr_x.html,30,,,,???????????
shop_menu/set/arm/kts_arm/honda_integra.html,30,,,,???????????
shop_menu/set/arm/kts_arm/honda_integra_type_r.html,30,,,,???????????
shop_menu/set/arm/kts_arm/honda_odyssey.html,30,,,,???????????
shop_menu/set/arm/kts_arm/honda_s2000.html,30,,,,???????????
shop_menu/set/arm/kts_arm/honda_stw.html,30,,,,???????????
shop_menu/set/arm/kts_arm/index.html,30,,,,???????????
shop_menu/set/arm/kts_arm/mazda_roadster.html,30,,,,???????????
shop_menu/set/arm/kts_arm/mazda_rx_7.html,30,,,,???????????
shop_menu/set/arm/kts_arm/mazda_rx_8.html,30,,,,???????????
shop_menu/set/arm/kts_arm/mitsubishi_lancer_evolution.html,30,,,,???????????
shop_menu/set/arm/kts_arm/nissan_cedric_gloria.html,30,,,,???????????
shop_menu/set/arm/kts_arm/nissan_cefiro.html,30,,,,???????????
shop_menu/set/arm/kts_arm/nissan_fairlady_z.html,30,,,,???????????
shop_menu/set/arm/kts_arm/nissan_laurel.html,30,,,,???????????
shop_menu/set/arm/kts_arm/nissan_silvia_180sx.html,30,,,,???????????
shop_menu/set/arm/kts_arm/nissan_skyline.html,30,,,,???????????
shop_menu/set/arm/kts_arm/nissan_skyline_gtr.html,30,,,,???????????
shop_menu/set/arm/kts_arm/nissan_stagea.html,30,,,,???????????
shop_menu/set/arm/kts_arm/subaru_brz.html,30,,,,???????????
shop_menu/set/arm/kts_arm/toyota_86.html,30,,,,???????????
shop_menu/set/arm/kts_arm/toyota_alphard_vellfire.html,30,,,,???????????
shop_menu/set/arm/kts_arm/toyota_altezza.html,30,,,,???????????
shop_menu/set/arm/kts_arm/toyota_crown.html,30,,,,???????????
shop_menu/set/arm/kts_arm/toyota_crown_estate.html,30,,,,???????????
shop_menu/set/arm/kts_arm/toyota_mark_x.html,30,,,,???????????
shop_menu/set/arm/kts_arm/toyota_mark2_blit.html,30,,,,???????????
shop_menu/set/arm/kts_arm/toyota_mark2_cresta_chaser.html,30,,,,???????????
shop_menu/set/arm/kts_arm/toyota_progres.html,30,,,,???????????
shop_menu/set/arm/kts_arm/toyota_verossa.html,30,,,,???????????
shop_menu/set/body/kts_lb_003r.html,30,,,,???????????
shop_menu/set/drive/kts_ck.html,30,,,,???????
shop_menu/set/drive/kts_ck_k_fw.html,30,,,,???????
shop_menu/set/drive/kts_se_111r.html,30,,,,???????
shop_menu/set/engine/kts_tl.html,30,,,,???????
shop_menu/set/other/kts_em.html,30,,,,???????
shop_menu/set/suspension/kts_sm_006.html,30,,,,???????
tire_wheel/index.html,4,,,,???????????
tire_wheel/tire/index.html,41,,,,??????
tire_wheel/tire/bridgestone/index.html,42,,,,?????????
tire_wheel/tire/cv/bridgestone.html,42,,,,???????????
tire_wheel/tire/cv/yokohama.html,42,,,,?????????
tire_wheel/tire/dunlop/index.html,42,,,,????????
tire_wheel/tire/falken/index.html,42,,,,????????
tire_wheel/tire/federal/index.html,42,,,,????????
tire_wheel/tire/goodyear/index.html,42,,,,?????????
tire_wheel/tire/kenda/index.html,42,,,,??????
tire_wheel/tire/michelin/index.html,42,,,,????????
tire_wheel/tire/nankang/index.html,42,,,,???????
tire_wheel/tire/toyo_tires/index.html,42,,,,???????
tire_wheel/tire/yokohama/index.html,42,,,,???????
tire_wheel/tire/bridgestone/blizzak.html,43,,,,??????
tire_wheel/tire/bridgestone/ecopia.html,43,,,,??????
tire_wheel/tire/bridgestone/nextry.html,43,,,,??????
tire_wheel/tire/bridgestone/playz.html,43,,,,??????
tire_wheel/tire/bridgestone/potenza.html,43,,,,??????
tire_wheel/tire/bridgestone/regno.html,43,,,,??????
tire_wheel/tire/dunlop/as.html,43,,,,?????
tire_wheel/tire/dunlop/comfort.html,43,,,,?????
tire_wheel/tire/dunlop/eco.html,43,,,,?????
tire_wheel/tire/dunlop/import.html,43,,,,?????
tire_wheel/tire/dunlop/mos.html,43,,,,?????
tire_wheel/tire/dunlop/sport.html,43,,,,?????
tire_wheel/tire/dunlop/suv.html,43,,,,?????
tire_wheel/tire/dunlop/winter.html,43,,,,?????
tire_wheel/tire/falken/azenis.html,43,,,,?????
tire_wheel/tire/falken/dress_up_van.html,43,,,,?????
tire_wheel/tire/falken/espia.html,43,,,,?????
tire_wheel/tire/falken/eurowinter.html,43,,,,?????
tire_wheel/tire/falken/sincera.html,43,,,,?????
tire_wheel/tire/falken/wildpeak.html,43,,,,?????
tire_wheel/tire/falken/ziex.html,43,,,,?????
tire_wheel/tire/federal/comfort.html,43,,,,?????
tire_wheel/tire/federal/luxury_sports.html,43,,,,?????
tire_wheel/tire/federal/specialty.html,43,,,,?????
tire_wheel/tire/federal/sports.html,43,,,,?????
tire_wheel/tire/goodyear/all.html,43,,,,??????
tire_wheel/tire/goodyear/comfort.html,43,,,,??????
tire_wheel/tire/goodyear/sport.html,43,,,,??????
tire_wheel/tire/goodyear/studless.html,43,,,,??????
tire_wheel/tire/goodyear/suv.html,43,,,,??????
tire_wheel/tire/goodyear/van.html,43,,,,??????
tire_wheel/tire/kenda/minivan.html,43,,,,???
tire_wheel/tire/kenda/sport.html,43,,,,???
tire_wheel/tire/kenda/std.html,43,,,,???
tire_wheel/tire/kenda/suv.html,43,,,,???
tire_wheel/tire/michelin/crossclimate.html,43,,,,?????
tire_wheel/tire/michelin/energy.html,43,,,,?????
tire_wheel/tire/michelin/latitude.html,43,,,,?????
tire_wheel/tire/michelin/pilot.html,43,,,,?????
tire_wheel/tire/michelin/premier.html,43,,,,?????
tire_wheel/tire/michelin/primacy.html,43,,,,?????
tire_wheel/tire/nankang/econex.html,43,,,,????
tire_wheel/tire/nankang/nk_comfort.html,43,,,,????
tire_wheel/tire/nankang/racing.html,43,,,,????
tire_wheel/tire/nankang/rollnex.html,43,,,,????
tire_wheel/tire/nankang/sportnex.html,43,,,,????
tire_wheel/tire/toyo_tires/all_season.html,43,,,,????
tire_wheel/tire/toyo_tires/nanoenergy.html,43,,,,????
tire_wheel/tire/toyo_tires/open_country.html,43,,,,????
tire_wheel/tire/toyo_tires/proxes.html,43,,,,????
tire_wheel/tire/toyo_tires/sd_7.html,43,,,,????
tire_wheel/tire/toyo_tires/studless.html,43,,,,????
tire_wheel/tire/toyo_tires/tranpath.html,43,,,,????
tire_wheel/tire/yokohama/advan.html,43,,,,????
tire_wheel/tire/yokohama/bluearth.html,43,,,,????
tire_wheel/tire/yokohama/ecos.html,43,,,,????
tire_wheel/tire/yokohama/geolandar.html,43,,,,????
tire_wheel/tire/yokohama/ice_guard.html,43,,,,????
tire_wheel/tire/yokohama/parada.html,43,,,,????
tire_wheel/wheel/index.html,44,,,,???????
tire_wheel/wheel/bbs/index.html,45,,,,BBS???
tire_wheel/wheel/doall/fenice.html,45,,,,?????
tire_wheel/wheel/doall/index.html,45,,,,????????
tire_wheel/wheel/enkei/index.html,45,,,,???????
tire_wheel/wheel/enkei/performanceline.html,45,,,,????
tire_wheel/wheel/g_corporation/index.html,45,,,,G???????????
tire_wheel/wheel/piaa/index.html,45,,,,PIAA???
tire_wheel/wheel/r_pride/index.html,45,,,,R???????
tire_wheel/wheel/rays/gramlights.html,45,,,,???
tire_wheel/wheel/rays/index.html,45,,,,??????
tire_wheel/wheel/rays/versus.html,45,,,,???
tire_wheel/wheel/rays/volk.html,45,,,,???
tire_wheel/wheel/ssr/executor.html,45,,,,SSR
tire_wheel/wheel/ssr/gt.html,45,,,,SSR
tire_wheel/wheel/ssr/index.html,45,,,,SSR???
tire_wheel/wheel/ssr/professor.html,45,,,,SSR
tire_wheel/wheel/ssr/speed_star.html,45,,,,SSR
tire_wheel/wheel/weds/index.html,45,,,,???????
tire_wheel/wheel/weds/kranze.html,45,,,,????
tire_wheel/wheel/weds/leonis.html,45,,,,????
tire_wheel/wheel/weds/maverick.html,45,,,,????
tire_wheel/wheel/weds/wedssport.html,45,,,,????
tire_wheel/wheel/work/emotion.html,45,,,,???
tire_wheel/wheel/work/index.html,45,,,,??????
tire_wheel/wheel/work/meister.html,45,,,,???
tire_wheel/wheel/work/schwert.html,45,,,,???
tire_wheel/wheel/yokohama/advan.html,45,,,,????
tire_wheel/wheel/yokohama/avs.html,45,,,,????
tire_wheel/wheel/yokohama/index.html,45,,,,???????
tire_wheel/wheel/bbs/fs.html,46,,,,BBS
tire_wheel/wheel/bbs/fz_mg.html,46,,,,BBS
tire_wheel/wheel/bbs/lm.html,46,,,,BBS
tire_wheel/wheel/bbs/lm_r.html,46,,,,BBS
tire_wheel/wheel/bbs/re_v.html,46,,,,BBS
tire_wheel/wheel/bbs/rf.html,46,,,,BBS
tire_wheel/wheel/bbs/rg_f.html,46,,,,BBS
tire_wheel/wheel/bbs/rg_r.html,46,,,,BBS
tire_wheel/wheel/bbs/ri_a.html,46,,,,BBS
tire_wheel/wheel/bbs/ri_d.html,46,,,,BBS
tire_wheel/wheel/bbs/ri_s.html,46,,,,BBS
tire_wheel/wheel/bbs/rn.html,46,,,,BBS
tire_wheel/wheel/bbs/rp.html,46,,,,BBS
tire_wheel/wheel/bbs/rs_gt.html,46,,,,BBS
tire_wheel/wheel/bbs/rs_n.html,46,,,,BBS
tire_wheel/wheel/bbs/rz_d.html,46,,,,BBS
tire_wheel/wheel/bbs/super_rs.html,46,,,,BBS
tire_wheel/wheel/doall/fenice_tt1.html,46,,,,?????
tire_wheel/wheel/enkei/performanceline_pf01.html,46,,,,????
tire_wheel/wheel/enkei/performanceline_pf01evo.html,46,,,,????
tire_wheel/wheel/enkei/performanceline_pf01ss.html,46,,,,????
tire_wheel/wheel/enkei/performanceline_pf07.html,46,,,,????
tire_wheel/wheel/g_corporation/moving_cafe_label_open_heart2.html,46,,,,G????????
tire_wheel/wheel/g_corporation/moving_cafe_label_swing_heart.html,46,,,,G????????
tire_wheel/wheel/piaa/dw_jh.html,46,,,,PIAA
tire_wheel/wheel/r_pride/wado_sakura.html,46,,,,R????
tire_wheel/wheel/r_pride/wado_sakura_5buzaki.html,46,,,,R????
tire_wheel/wheel/rays/gramlights_57fxx.html,46,,,,???
tire_wheel/wheel/rays/gramlights_57jv.html,46,,,,???
tire_wheel/wheel/rays/gramlights_57xtreme_sp_spec.html,46,,,,???
tire_wheel/wheel/rays/gramlights_57xtreme_std_spec.html,46,,,,???
tire_wheel/wheel/rays/versus_stratagia_vouge.html,46,,,,???
tire_wheel/wheel/rays/volk_c28n_10.html,46,,,,???
tire_wheel/wheel/rays/volk_c28n_8.html,46,,,,???
tire_wheel/wheel/rays/volk_ce28_cr.html,46,,,,???
tire_wheel/wheel/rays/volk_g25.html,46,,,,???
tire_wheel/wheel/rays/volk_te37.html,46,,,,???
tire_wheel/wheel/rays/volk_te37_g.html,46,,,,???
tire_wheel/wheel/rays/volk_te37_kcr.html,46,,,,???
tire_wheel/wheel/rays/volk_te37_kcr_bz.html,46,,,,???
tire_wheel/wheel/rays/volk_te37_sl.html,46,,,,???
tire_wheel/wheel/rays/volk_te37_ultra.html,46,,,,???
tire_wheel/wheel/rays/volk_te37_v.html,46,,,,???
tire_wheel/wheel/rays/volk_ze40.html,46,,,,???
tire_wheel/wheel/ssr/executor_cv01s.html,46,,,,SSR
tire_wheel/wheel/ssr/executor_cv02s.html,46,,,,SSR
tire_wheel/wheel/ssr/executor_cv03s.html,46,,,,SSR
tire_wheel/wheel/ssr/executor_ex01.html,46,,,,SSR
tire_wheel/wheel/ssr/executor_ex02.html,46,,,,SSR
tire_wheel/wheel/ssr/executor_ex03.html,46,,,,SSR
tire_wheel/wheel/ssr/executor_ex04.html,46,,,,SSR
tire_wheel/wheel/ssr/gt_f01.html,46,,,,SSR
tire_wheel/wheel/ssr/gt_v01.html,46,,,,SSR
tire_wheel/wheel/ssr/gt_v02.html,46,,,,SSR
tire_wheel/wheel/ssr/gt_v03.html,46,,,,SSR
tire_wheel/wheel/ssr/professor_ms1.html,46,,,,SSR
tire_wheel/wheel/ssr/professor_ms1r.html,46,,,,SSR
tire_wheel/wheel/ssr/professor_ms3.html,46,,,,SSR
tire_wheel/wheel/ssr/professor_ms3r.html,46,,,,SSR
tire_wheel/wheel/ssr/professor_sp1.html,46,,,,SSR
tire_wheel/wheel/ssr/professor_sp1r.html,46,,,,SSR
tire_wheel/wheel/ssr/professor_sp4.html,46,,,,SSR
tire_wheel/wheel/ssr/professor_sp4r.html,46,,,,SSR
tire_wheel/wheel/ssr/speed_star_fl2.html,46,,,,SSR
tire_wheel/wheel/ssr/speed_star_mk1.html,46,,,,SSR
tire_wheel/wheel/ssr/speed_star_mk2.html,46,,,,SSR
tire_wheel/wheel/ssr/speed_star_mk3.html,46,,,,SSR
tire_wheel/wheel/weds/kranze_acuerdo.html,46,,,,????
tire_wheel/wheel/weds/kranze_verae.html,46,,,,????
tire_wheel/wheel/weds/kranze_verae_16_17.html,46,,,,????
tire_wheel/wheel/weds/kranze_verae_713_evo.html,46,,,,????
tire_wheel/wheel/weds/kranze_verae_713_evo_16_17.html,46,,,,????
tire_wheel/wheel/weds/leonis_vx.html,46,,,,????
tire_wheel/wheel/weds/leonis_wx.html,46,,,,????
tire_wheel/wheel/weds/maverick_605s.html,46,,,,????
tire_wheel/wheel/weds/wedssport_sa_10r.html,46,,,,????
tire_wheel/wheel/weds/wedssport_sa_72r.html,46,,,,????
tire_wheel/wheel/work/emotion_11r.html,46,,,,???
tire_wheel/wheel/work/emotion_cr_2p.html,46,,,,???
tire_wheel/wheel/work/emotion_cr_kiwami.html,46,,,,???
tire_wheel/wheel/work/emotion_d9r.html,46,,,,???
tire_wheel/wheel/work/emotion_t7r_2p.html,46,,,,???
tire_wheel/wheel/work/meister_cr01.html,46,,,,???
tire_wheel/wheel/work/meister_m1.html,46,,,,???
tire_wheel/wheel/work/meister_s1_2p.html,46,,,,???
tire_wheel/wheel/work/meister_s1_3p.html,46,,,,???
tire_wheel/wheel/work/meister_s1r.html,46,,,,???
tire_wheel/wheel/work/schwert_sc4.html,46,,,,???
tire_wheel/wheel/yokohama/advan_gt.html,46,,,,????
tire_wheel/wheel/yokohama/advan_gt_18.html,46,,,,????
tire_wheel/wheel/yokohama/advan_gt_pv.html,46,,,,????
tire_wheel/wheel/yokohama/advan_rc3.html,46,,,,????
tire_wheel/wheel/yokohama/advan_rg3.html,46,,,,????
tire_wheel/wheel/yokohama/advan_rs_d.html,46,,,,????
tire_wheel/wheel/yokohama/advan_rs_df.html,46,,,,????
tire_wheel/wheel/yokohama/advan_rs2.html,46,,,,????
tire_wheel/wheel/yokohama/advan_rt.html,46,,,,????
tire_wheel/wheel/yokohama/advan_rz.html,46,,,,????
tire_wheel/wheel/yokohama/avs_model_f15.html,46,,,,????
tire_wheel/wheel/yokohama/avs_model_f50.html,46,,,,????
tire_wheel/wheel/bbs/re_l2.html,46,,,,BBS
campaign/index.html,5,,,,?????????
campaign/damper_sitadori.html,50,,,,?????????
campaign/damper_sitadori_ichinoe.html,50,,,,???????????
campaign/alignment_pair.html,50,,,,???
campaign/gakuwari.html,50,,,,??
campaign/garagara_heiwajima.html,50,,,,???????
campaign/garagara_ichinoe.html,50,,,,???????
campaign/import_alignment.html,50,,,,"?????????????5,000?????????"
campaign/mochikomi.html,50,,,,??????
campaign/month.html,50,,,,4?????????????
campaign/sitadori_sc_damper_system_20120210.html,50,,,,??????
houjin/index.html,6,,,,??
404,404,,,,404
